MATCH_ID;SEASON;DATE_TIME;HOME_TEAM;AWAY_TEAM;STADIUM;HOME_TEAM_SCORE;AWAY_TEAM_SCORE;PENALTY_SHOOT_OUT;ATTENDANCE
mt1;2021-2022;2021-09-15 20:00:00;Manchester City;RB Leipzig;Etihad Stadium;6;3;0;38062
mt2;2021-2022;2021-09-15 20:00:00;Club Brugge KV;Paris Saint-Germain;Jan Breydel Stadion;1;1;0;27546
mt3;2021-2022;2021-09-28 20:00:00;Paris Saint-Germain;Manchester City;Parc des Princes;2;0;0;37350
mt4;2021-2022;2021-09-28 20:00:00;RB Leipzig;Club Brugge KV;Red Bull Arena;1;2;0;23500
mt5;2021-2022;2021-10-19 17:45:00;Club Brugge KV;Manchester City;Jan Breydel Stadion;1;5;0;24915
mt6;2021-2022;2021-10-19 20:00:00;Paris Saint-Germain;RB Leipzig;Parc des Princes;3;2;0;47359
mt7;2021-2022;2021-11-03 20:00:00;RB Leipzig;Paris Saint-Germain;Red Bull Arena;2;2;0;39794
mt8;2021-2022;2021-11-03 20:00:00;Manchester City;Club Brugge KV;Etihad Stadium;4;1;0;50228
mt9;2021-2022;2021-11-24 20:00:00;Manchester City;Paris Saint-Germain;Etihad Stadium;2;1;0;52030
mt10;2021-2022;2021-11-24 20:00:00;Club Brugge KV;RB Leipzig;Jan Breydel Stadion;0;5;0;24072
mt11;2021-2022;2021-12-07 17:45:00;RB Leipzig;Manchester City;Red Bull Arena;2;1;0;0
mt12;2021-2022;2021-12-07 17:45:00;Paris Saint-Germain;Club Brugge KV;Parc des Princes;4;1;0;47492
mt13;2021-2022;2021-09-15 20:00:00;Atl?tico Madrid;FC Porto;Wanda Metropolitano;0;0;0;40098
mt14;2021-2022;2021-09-15 20:00:00;Liverpool FC;AC Milan;Anfield;3;2;0;51445
mt15;2021-2022;2021-09-28 20:00:00;FC Porto;Liverpool FC;Est?dio do Drag?o;1;5;0;23520
mt16;2021-2022;2021-09-28 20:00:00;AC Milan;Atl?tico Madrid;Giuseppe Meazza;1;2;0;35374
mt17;2021-2022;2021-10-19 20:00:00;Atl?tico Madrid;Liverpool FC;Wanda Metropolitano;2;3;0;60725
mt18;2021-2022;2021-10-19 20:00:00;FC Porto;AC Milan;Est?dio do Drag?o;1;0;0;32130
mt19;2021-2022;2021-11-03 17:45:00;AC Milan;FC Porto;Giuseppe Meazza;1;1;0;39675
mt20;2021-2022;2021-11-03 20:00:00;Liverpool FC;Atl?tico Madrid;Anfield;2;0;0;51347
mt21;2021-2022;2021-11-24 20:00:00;Liverpool FC;FC Porto;Anfield;2;0;0;52209
mt22;2021-2022;2021-11-24 20:00:00;Atl?tico Madrid;AC Milan;Wanda Metropolitano;0;1;0;61019
mt23;2021-2022;2021-12-07 20:00:00;FC Porto;Atl?tico Madrid;Est?dio do Drag?o;1;3;0;38830
mt24;2021-2022;2021-12-07 20:00:00;AC Milan;Liverpool FC;Giuseppe Meazza;1;2;0;56237
mt25;2021-2022;2021-09-15 17:45:00;Be?ikta?;Borussia Dortmund;Vodafone Park;1;2;0;22445
mt26;2021-2022;2021-09-15 20:00:00;Sporting CP;AFC Ajax;Est?dio Jos? Alvalade;1;5;0;20382
mt27;2021-2022;2021-09-28 17:45:00;AFC Ajax;Be?ikta?;Johan Cruijff ArenA;2;0;0;52628
mt28;2021-2022;2021-09-28 20:00:00;Borussia Dortmund;Sporting CP;Signal Iduna Park;1;0;0;25000
mt29;2021-2022;2021-10-19 17:45:00;Be?ikta?;Sporting CP;Vodafone Park;1;4;0;22936
mt30;2021-2022;2021-10-19 20:00:00;AFC Ajax;Borussia Dortmund;Johan Cruijff ArenA;4;0;0;54029
mt31;2021-2022;2021-11-03 20:00:00;Borussia Dortmund;AFC Ajax;Signal Iduna Park;1;3;0;54820
mt32;2021-2022;2021-11-03 20:00:00;Sporting CP;Be?ikta?;Est?dio Jos? Alvalade;4;0;0;40835
mt33;2021-2022;2021-11-24 17:45:00;Be?ikta?;AFC Ajax;Vodafone Park;1;2;0;11712
mt34;2021-2022;2021-11-24 20:00:00;Sporting CP;Borussia Dortmund;Est?dio Jos? Alvalade;3;1;0;41341
mt35;2021-2022;2021-12-07 20:00:00;AFC Ajax;Sporting CP;Johan Cruijff ArenA;4;2;0;0
mt36;2021-2022;2021-12-07 20:00:00;Borussia Dortmund;Be?ikta?;Signal Iduna Park;5;0;0;15000
mt37;2021-2022;2021-09-15 17:45:00;FC Sheriff;Shakhtar Donetsk;Sheriff Stadium;2;0;0;5205
mt38;2021-2022;2021-09-15 20:00:00;Inter;Real Madrid;Giuseppe Meazza;0;1;0;37082
mt39;2021-2022;2021-09-28 17:45:00;Shakhtar Donetsk;Inter;Olimpiyskyi;0;0;0;26170
mt40;2021-2022;2021-09-28 20:00:00;Real Madrid;FC Sheriff;Santiago Bernab?u;1;2;0;24522
mt41;2021-2022;2021-10-19 20:00:00;Shakhtar Donetsk;Real Madrid;Olimpiyskyi;0;5;0;34037
mt42;2021-2022;2021-10-19 20:00:00;Inter;FC Sheriff;Giuseppe Meazza;3;1;0;43305
mt43;2021-2022;2021-11-03 17:45:00;Real Madrid;Shakhtar Donetsk;Santiago Bernab?u;2;1;0;38105
mt44;2021-2022;2021-11-03 20:00:00;FC Sheriff;Inter;Sheriff Stadium;1;3;0;5930
mt45;2021-2022;2021-11-24 17:45:00;Inter;Shakhtar Donetsk;Giuseppe Meazza;2;0;0;46225
mt46;2021-2022;2021-11-24 20:00:00;FC Sheriff;Real Madrid;Sheriff Stadium;0;3;0;5932
mt47;2021-2022;2021-12-07 20:00:00;Real Madrid;Inter;Santiago Bernab?u;2;0;0;46887
mt48;2021-2022;2021-12-07 20:00:00;Shakhtar Donetsk;FC Sheriff;Olimpiyskyi;1;1;0;6841
mt49;2021-2022;2021-09-14 20:00:00;FC Barcelona;Bayern M?nchen;Spotify Camp Nou;0;3;0;39737
mt50;2021-2022;2021-09-14 20:00:00;Dinamo Kiev;SL Benfica;Olimpiyskyi;0;0;0;21657
mt51;2021-2022;2021-09-29 20:00:00;SL Benfica;FC Barcelona;Est?dio da Luz;3;0;0;29454
mt52;2021-2022;2021-09-29 20:00:00;Bayern M?nchen;Dinamo Kiev;Allianz Arena;5;0;0;25000
mt53;2021-2022;2021-10-20 17:45:00;FC Barcelona;Dinamo Kiev;Spotify Camp Nou;1;0;0;45968
mt54;2021-2022;2021-10-20 20:00:00;SL Benfica;Bayern M?nchen;Est?dio da Luz;0;4;0;50000
mt55;2021-2022;2021-11-02 20:00:00;Bayern M?nchen;SL Benfica;Allianz Arena;5;2;0;50000
mt56;2021-2022;2021-11-02 20:00:00;Dinamo Kiev;FC Barcelona;Olimpiyskyi;0;1;0;31378
mt57;2021-2022;2021-11-23 17:45:00;Dinamo Kiev;Bayern M?nchen;Olimpiyskyi;1;2;0;28732
mt58;2021-2022;2021-11-23 20:00:00;FC Barcelona;SL Benfica;Spotify Camp Nou;0;0;0;49572
mt59;2021-2022;2021-12-08 20:00:00;Bayern M?nchen;FC Barcelona;Allianz Arena;3;0;0;0
mt60;2021-2022;2021-12-08 20:00:00;SL Benfica;Dinamo Kiev;Est?dio da Luz;2;0;0;37000
mt61;2021-2022;2021-09-14 17:45:00;BSC Young Boys;Manchester United;Stadion Wankdorf;2;1;0;31120
mt62;2021-2022;2021-09-14 20:00:00;Villarreal CF;Atalanta;Estadio de la Cer?mica;2;2;0;12916
mt63;2021-2022;2021-09-29 17:45:00;Atalanta;BSC Young Boys;Gewiss Stadium;1;0;0;8536
mt64;2021-2022;2021-09-29 20:00:00;Manchester United;Villarreal CF;Old Trafford;2;1;0;73130
mt65;2021-2022;2021-10-20 20:00:00;Manchester United;Atalanta;Old Trafford;3;2;0;72279
mt66;2021-2022;2021-10-20 20:00:00;BSC Young Boys;Villarreal CF;Stadion Wankdorf;1;4;0;27398
mt67;2021-2022;2021-11-02 20:00:00;Atalanta;Manchester United;Gewiss Stadium;2;2;0;14443
mt68;2021-2022;2021-11-02 20:00:00;Villarreal CF;BSC Young Boys;Estadio de la Cer?mica;2;0;0;14890
mt69;2021-2022;2021-11-23 17:45:00;Villarreal CF;Manchester United;Estadio de la Cer?mica;0;2;0;20875
mt70;2021-2022;2021-11-23 20:00:00;BSC Young Boys;Atalanta;Stadion Wankdorf;3;3;0;31120
mt71;2021-2022;2021-12-08 20:00:00;Manchester United;BSC Young Boys;Old Trafford;1;1;0;73156
mt72;2021-2022;2021-12-09 18:00:00;Atalanta;Villarreal CF;Gewiss Stadium;2;3;0;11690
mt73;2021-2022;2021-09-14 17:45:00;Sevilla FC;RB Salzburg;Ram?n S?nchez Pizju?n;1;1;0;18373
mt74;2021-2022;2021-09-14 20:00:00;Lille OSC;VfL Wolfsburg;Stade Pierre Mauroy;0;0;0;34314
mt75;2021-2022;2021-09-29 20:00:00;RB Salzburg;Lille OSC;Red Bull Arena;2;1;0;24207
mt76;2021-2022;2021-09-29 20:00:00;VfL Wolfsburg;Sevilla FC;Volkswagen Arena;1;1;0;11733
mt77;2021-2022;2021-10-20 17:45:00;RB Salzburg;VfL Wolfsburg;Red Bull Arena;3;1;0;27500
mt78;2021-2022;2021-10-20 20:00:00;Lille OSC;Sevilla FC;Stade Pierre Mauroy;0;0;0;34362
mt79;2021-2022;2021-11-02 17:45:00;VfL Wolfsburg;RB Salzburg;Volkswagen Arena;2;1;0;16112
mt80;2021-2022;2021-11-02 20:00:00;Sevilla FC;Lille OSC;Ram?n S?nchez Pizju?n;1;2;0;29369
mt81;2021-2022;2021-11-23 20:00:00;Lille OSC;RB Salzburg;Stade Pierre Mauroy;1;0;0;33573
mt82;2021-2022;2021-11-23 20:00:00;Sevilla FC;VfL Wolfsburg;Ram?n S?nchez Pizju?n;2;0;0;28663
mt83;2021-2022;2021-12-08 20:00:00;RB Salzburg;Sevilla FC;Red Bull Arena;1;0;0;0
mt84;2021-2022;2021-12-08 20:00:00;VfL Wolfsburg;Lille OSC;Volkswagen Arena;1;3;0;6544
mt85;2021-2022;2021-09-14 20:00:00;Chelsea FC;Zenit St. Petersburg;Stamford Bridge;1;0;0;39252
mt86;2021-2022;2021-09-14 20:00:00;Malm? FF;Juventus;Nya Malm? Stadion;0;3;0;5832
mt87;2021-2022;2021-09-29 17:45:00;Zenit St. Petersburg;Malm? FF;Gazprom Arena;4;0;0;15339
mt88;2021-2022;2021-09-29 20:00:00;Juventus;Chelsea FC;Allianz Stadium;1;0;0;19934
mt89;2021-2022;2021-10-20 20:00:00;Zenit St. Petersburg;Juventus;Gazprom Arena;0;1;0;18717
mt90;2021-2022;2021-10-20 20:00:00;Chelsea FC;Malm? FF;Stamford Bridge;4;0;0;39095
mt91;2021-2022;2021-11-02 17:45:00;Malm? FF;Chelsea FC;Nya Malm? Stadion;0;1;0;19551
mt92;2021-2022;2021-11-02 20:00:00;Juventus;Zenit St. Petersburg;Allianz Stadium;4;2;0;20053
mt93;2021-2022;2021-11-23 20:00:00;Chelsea FC;Juventus;Stamford Bridge;4;0;0;39513
mt94;2021-2022;2021-11-23 20:00:00;Malm? FF;Zenit St. Petersburg;Nya Malm? Stadion;1;1;0;19551
mt95;2021-2022;2021-12-08 17:45:00;Zenit St. Petersburg;Chelsea FC;Gazprom Arena;3;3;0;29349
mt96;2021-2022;2021-12-08 17:45:00;Juventus;Malm? FF;Allianz Stadium;1;0;0;17501
mt97;2021-2022;2022-02-15 20:00:00;Sporting CP;Manchester City;Est?dio Jos? Alvalade;0;5;0;48129
mt98;2021-2022;2022-02-15 20:00:00;Paris Saint-Germain;Real Madrid;Parc des Princes;1;0;0;47443
mt99;2021-2022;2022-02-16 20:00:00;RB Salzburg;Bayern M?nchen;Red Bull Arena;1;1;0;29520
mt100;2021-2022;2022-02-16 20:00:00;Inter;Liverpool FC;Giuseppe Meazza;0;2;0;37918
mt101;2021-2022;2022-02-22 20:00:00;Chelsea FC;Lille OSC;Stamford Bridge;2;0;0;38832
mt102;2021-2022;2022-02-22 20:00:00;Villarreal CF;Juventus;Estadio de la Cer?mica;1;1;0;17686
mt103;2021-2022;2022-02-23 20:00:00;SL Benfica;AFC Ajax;Est?dio da Luz;2;2;0;54760
mt104;2021-2022;2022-02-23 20:00:00;Atl?tico Madrid;Manchester United;Wanda Metropolitano;1;1;0;63273
mt105;2021-2022;2022-03-08 20:00:00;Bayern M?nchen;RB Salzburg;Allianz Arena;7;1;0;25000
mt106;2021-2022;2022-03-08 20:00:00;Liverpool FC;Inter;Anfield;0;1;0;51747
mt107;2021-2022;2022-03-09 20:00:00;Manchester City;Sporting CP;Etihad Stadium;0;0;0;51213
mt108;2021-2022;2022-03-09 20:00:00;Real Madrid;Paris Saint-Germain;Santiago Bernab?u;3;1;0;59895
mt109;2021-2022;2022-03-15 20:00:00;AFC Ajax;SL Benfica;Johan Cruijff ArenA;0;1;0;54066
mt110;2021-2022;2022-03-15 20:00:00;Manchester United;Atl?tico Madrid;Old Trafford;0;1;0;73008
mt111;2021-2022;2022-03-16 20:00:00;Lille OSC;Chelsea FC;Stade Pierre Mauroy;1;2;0;49048
mt112;2021-2022;2022-03-16 20:00:00;Juventus;Villarreal CF;Allianz Stadium;0;3;0;30385
mt113;2021-2022;2022-04-05 20:00:00;Manchester City;Atl?tico Madrid;Etihad Stadium;1;0;0;52018
mt114;2021-2022;2022-04-05 20:00:00;SL Benfica;Liverpool FC;Est?dio da Luz;1;3;0;59633
mt115;2021-2022;2022-04-06 20:00:00;Chelsea FC;Real Madrid;Stamford Bridge;1;3;0;38689
mt116;2021-2022;2022-04-06 20:00:00;Villarreal CF;Bayern M?nchen;Estadio de la Cer?mica;1;0;0;21626
mt117;2021-2022;2022-04-12 20:00:00;Real Madrid;Chelsea FC;Santiago Bernab?u;2;3;0;59839
mt118;2021-2022;2022-04-12 20:00:00;Bayern M?nchen;Villarreal CF;Allianz Arena;1;1;0;70000
mt119;2021-2022;2022-04-13 20:00:00;Atl?tico Madrid;Manchester City;Wanda Metropolitano;0;0;0;65675
mt120;2021-2022;2022-04-13 20:00:00;Liverpool FC;SL Benfica;Anfield;3;3;0;51373
mt121;2021-2022;2022-04-26 20:00:00;Manchester City;Real Madrid;Etihad Stadium;4;3;0;55097
mt122;2021-2022;2022-04-27 20:00:00;Liverpool FC;Villarreal CF;Anfield;2;0;0;51586
mt123;2021-2022;2022-05-03 20:00:00;Villarreal CF;Liverpool FC;Estadio de la Cer?mica;2;3;0;23665
mt124;2021-2022;2022-05-04 20:00:00;Real Madrid;Manchester City;Santiago Bernab?u;3;1;0;61416
mt125;2021-2022;2022-05-28 20:35:00;Liverpool FC;Real Madrid;Stade de France;0;1;0;0
mt126;2020-2021;2020-10-21 17:55:00;RB Salzburg;Lokomotiv Moskva;Red Bull Arena;2;2;0;3000
mt127;2020-2021;2020-10-21 20:00:00;Bayern M?nchen;Atl?tico Madrid;Allianz Arena;4;0;0;0
mt128;2020-2021;2020-10-27 17:55:00;Lokomotiv Moskva;Bayern M?nchen;R?D-Arena;1;2;0;8196
mt129;2020-2021;2020-10-27 20:00:00;Atl?tico Madrid;RB Salzburg;Wanda Metropolitano;3;2;0;0
mt130;2020-2021;2020-11-03 17:55:00;Lokomotiv Moskva;Atl?tico Madrid;R?D-Arena;1;1;0;8147
mt131;2020-2021;2020-11-03 20:00:00;RB Salzburg;Bayern M?nchen;Red Bull Arena;2;6;0;0
mt132;2020-2021;2020-11-25 20:00:00;Atl?tico Madrid;Lokomotiv Moskva;Wanda Metropolitano;0;0;0;0
mt133;2020-2021;2020-11-25 20:00:00;Bayern M?nchen;RB Salzburg;Allianz Arena;3;1;0;0
mt134;2020-2021;2020-12-01 17:55:00;Lokomotiv Moskva;RB Salzburg;R?D-Arena;1;3;0;6759
mt135;2020-2021;2020-12-01 20:00:00;Atl?tico Madrid;Bayern M?nchen;Wanda Metropolitano;1;1;0;0
mt136;2020-2021;2020-12-09 20:00:00;Bayern M?nchen;Lokomotiv Moskva;Allianz Arena;2;0;0;0
mt137;2020-2021;2020-12-09 20:00:00;RB Salzburg;Atl?tico Madrid;Red Bull Arena;0;2;0;0
mt138;2020-2021;2020-10-21 17:55:00;Real Madrid;Shakhtar Donetsk;Alfredo Di St?fano;2;3;0;0
mt139;2020-2021;2020-10-21 20:00:00;Inter;Bor. M?nchengladbach;Giuseppe Meazza;2;2;0;1000
mt140;2020-2021;2020-10-27 17:55:00;Shakhtar Donetsk;Inter;Olimpiyskyi;0;0;0;10178
mt141;2020-2021;2020-10-27 20:00:00;Bor. M?nchengladbach;Real Madrid;Borussia-Park;2;2;0;0
mt142;2020-2021;2020-11-03 17:55:00;Shakhtar Donetsk;Bor. M?nchengladbach;Olimpiyskyi;0;6;0;0
mt143;2020-2021;2020-11-03 20:00:00;Real Madrid;Inter;Alfredo Di St?fano;3;2;0;0
mt144;2020-2021;2020-11-25 17:55:00;Bor. M?nchengladbach;Shakhtar Donetsk;Borussia-Park;4;0;0;0
mt145;2020-2021;2020-11-25 20:00:00;Inter;Real Madrid;Giuseppe Meazza;0;2;0;0
mt146;2020-2021;2020-12-01 17:55:00;Shakhtar Donetsk;Real Madrid;Olimpiyskyi;2;0;0;0
mt147;2020-2021;2020-12-01 20:00:00;Bor. M?nchengladbach;Inter;Borussia-Park;2;3;0;0
mt148;2020-2021;2020-12-09 20:00:00;Inter;Shakhtar Donetsk;Giuseppe Meazza;0;0;0;0
mt149;2020-2021;2020-12-09 20:00:00;Real Madrid;Bor. M?nchengladbach;Alfredo Di St?fano;2;0;0;0
mt150;2020-2021;2020-10-21 20:00:00;Manchester City;FC Porto;Etihad Stadium;3;1;0;0
mt151;2020-2021;2020-10-21 20:00:00;Olympiakos Piraeus;Olympique Marseille;Georgios Karaiskakis;1;0;0;0
mt152;2020-2021;2020-10-27 20:00:00;FC Porto;Olympiakos Piraeus;Est?dio do Drag?o;2;0;0;2450
mt153;2020-2021;2020-10-27 20:00:00;Olympique Marseille;Manchester City;V?lodrome;0;3;0;0
mt154;2020-2021;2020-11-03 20:00:00;FC Porto;Olympique Marseille;Est?dio do Drag?o;3;0;0;0
mt155;2020-2021;2020-11-03 20:00:00;Manchester City;Olympiakos Piraeus;Etihad Stadium;3;0;0;0
mt156;2020-2021;2020-11-25 17:55:00;Olympiakos Piraeus;Manchester City;Georgios Karaiskakis;0;1;0;0
mt157;2020-2021;2020-11-25 20:00:00;Olympique Marseille;FC Porto;V?lodrome;0;2;0;0
mt158;2020-2021;2020-12-01 20:00:00;FC Porto;Manchester City;Est?dio do Drag?o;0;0;0;0
mt159;2020-2021;2020-12-01 20:00:00;Olympique Marseille;Olympiakos Piraeus;V?lodrome;2;1;0;0
mt160;2020-2021;2020-12-09 20:00:00;Manchester City;Olympique Marseille;Etihad Stadium;3;0;0;1
mt161;2020-2021;2020-12-09 20:00:00;Olympiakos Piraeus;FC Porto;Georgios Karaiskakis;0;2;0;0
mt162;2020-2021;2020-10-21 20:00:00;AFC Ajax;Liverpool FC;Johan Cruijff ArenA;0;1;0;0
mt163;2020-2021;2020-10-21 20:00:00;FC Midtjylland;Atalanta;MCH Arena;0;4;0;132
mt164;2020-2021;2020-10-27 20:00:00;Atalanta;AFC Ajax;Gewiss Stadium;2;2;0;0
mt165;2020-2021;2020-10-27 20:00:00;Liverpool FC;FC Midtjylland;Anfield;2;0;0;0
mt166;2020-2021;2020-11-03 20:00:00;Atalanta;Liverpool FC;Gewiss Stadium;0;5;0;0
mt167;2020-2021;2020-11-03 20:00:00;FC Midtjylland;AFC Ajax;MCH Arena;1;2;0;132
mt168;2020-2021;2020-11-25 20:00:00;AFC Ajax;FC Midtjylland;Johan Cruijff ArenA;3;1;0;0
mt169;2020-2021;2020-11-25 20:00:00;Liverpool FC;Atalanta;Anfield;0;2;0;0
mt170;2020-2021;2020-12-01 20:00:00;Atalanta;FC Midtjylland;Gewiss Stadium;1;1;0;0
mt171;2020-2021;2020-12-01 20:00:00;Liverpool FC;AFC Ajax;Anfield;1;0;0;0
mt172;2020-2021;2020-12-09 17:55:00;AFC Ajax;Atalanta;Johan Cruijff ArenA;0;1;0;0
mt173;2020-2021;2020-12-09 17:55:00;FC Midtjylland;Liverpool FC;MCH Arena;1;1;0;0
mt174;2020-2021;2020-10-20 20:00:00;Chelsea FC;Sevilla FC;Stamford Bridge;0;0;0;0
mt175;2020-2021;2020-10-20 20:00:00;Stade Rennes;FK Krasnodar;Roazhon Park;1;1;0;4973
mt176;2020-2021;2020-10-28 17:55:00;FK Krasnodar;Chelsea FC;Krasnodar Stadium;0;4;0;10544
mt177;2020-2021;2020-10-28 20:00:00;Sevilla FC;Stade Rennes;Ram?n S?nchez Pizju?n;1;0;0;0
mt178;2020-2021;2020-11-04 20:00:00;Chelsea FC;Stade Rennes;Stamford Bridge;3;0;0;0
mt179;2020-2021;2020-11-04 20:00:00;Sevilla FC;FK Krasnodar;Ram?n S?nchez Pizju?n;3;2;0;1
mt180;2020-2021;2020-11-24 17:55:00;Stade Rennes;Chelsea FC;Roazhon Park;1;2;0;0
mt181;2020-2021;2020-11-24 17:55:00;FK Krasnodar;Sevilla FC;Krasnodar Stadium;1;2;0;10554
mt182;2020-2021;2020-12-02 17:55:00;FK Krasnodar;Stade Rennes;Krasnodar Stadium;1;0;0;8747
mt183;2020-2021;2020-12-02 20:00:00;Sevilla FC;Chelsea FC;Ram?n S?nchez Pizju?n;0;4;0;0
mt184;2020-2021;2020-12-08 20:00:00;Chelsea FC;FK Krasnodar;Stamford Bridge;1;1;0;2000
mt185;2020-2021;2020-12-08 20:00:00;Stade Rennes;Sevilla FC;Roazhon Park;1;3;0;0
mt186;2020-2021;2020-10-20 17:55:00;Zenit St. Petersburg;Club Brugge KV;Gazprom Arena;1;2;0;16682
mt187;2020-2021;2020-10-20 20:00:00;Lazio Roma;Borussia Dortmund;Olimpico;3;1;0;1000
mt188;2020-2021;2020-10-28 20:00:00;Borussia Dortmund;Zenit St. Petersburg;Signal Iduna Park;2;0;0;0
mt189;2020-2021;2020-10-28 20:00:00;Club Brugge KV;Lazio Roma;Jan Breydel Stadion;1;1;0;0
mt190;2020-2021;2020-11-04 17:55:00;Zenit St. Petersburg;Lazio Roma;Gazprom Arena;1;1;0;0
mt191;2020-2021;2020-11-04 20:00:00;Club Brugge KV;Borussia Dortmund;Jan Breydel Stadion;0;3;0;0
mt192;2020-2021;2020-11-24 20:00:00;Borussia Dortmund;Club Brugge KV;Signal Iduna Park;3;0;0;0
mt193;2020-2021;2020-11-24 20:00:00;Lazio Roma;Zenit St. Petersburg;Olimpico;3;1;0;0
mt194;2020-2021;2020-12-02 20:00:00;Borussia Dortmund;Lazio Roma;Signal Iduna Park;1;1;0;0
mt195;2020-2021;2020-12-02 20:00:00;Club Brugge KV;Zenit St. Petersburg;Jan Breydel Stadion;3;0;0;0
mt196;2020-2021;2020-12-08 17:55:00;Zenit St. Petersburg;Borussia Dortmund;Gazprom Arena;1;2;0;10860
mt197;2020-2021;2020-12-08 17:55:00;Lazio Roma;Club Brugge KV;Olimpico;2;2;0;0
mt198;2020-2021;2020-10-20 17:55:00;Dinamo Kiev;Juventus;Olimpiyskyi;0;2;0;14850
mt199;2020-2021;2020-10-20 20:00:00;FC Barcelona;Ferencv?rosi TC;Spotify Camp Nou;5;1;0;0
mt200;2020-2021;2020-10-28 20:00:00;Ferencv?rosi TC;Dinamo Kiev;Groupama Ar?na;2;2;0;6171
mt201;2020-2021;2020-10-28 20:00:00;Juventus;FC Barcelona;Allianz Stadium;0;2;0;0
mt202;2020-2021;2020-11-04 20:00:00;FC Barcelona;Dinamo Kiev;Spotify Camp Nou;2;1;0;0
mt203;2020-2021;2020-11-04 20:00:00;Ferencv?rosi TC;Juventus;Pusk?s Ar?na;1;4;0;18531
mt204;2020-2021;2020-11-24 20:00:00;Dinamo Kiev;FC Barcelona;Olimpiyskyi;0;4;0;0
mt205;2020-2021;2020-11-24 20:00:00;Juventus;Ferencv?rosi TC;Allianz Stadium;2;1;0;0
mt206;2020-2021;2020-12-02 20:00:00;Juventus;Dinamo Kiev;Allianz Stadium;3;0;0;0
mt207;2020-2021;2020-12-02 20:00:00;Ferencv?rosi TC;FC Barcelona;Groupama Ar?na;0;3;0;0
mt208;2020-2021;2020-12-08 20:00:00;Dinamo Kiev;Ferencv?rosi TC;Olimpiyskyi;1;0;0;0
mt209;2020-2021;2020-12-08 20:00:00;FC Barcelona;Juventus;Spotify Camp Nou;0;3;0;0
mt210;2020-2021;2020-10-20 20:00:00;RB Leipzig;?stanbul Ba?ak?ehir;Red Bull Arena;2;0;0;999
mt211;2020-2021;2020-10-20 20:00:00;Paris Saint-Germain;Manchester United;Parc des Princes;1;2;0;0
mt212;2020-2021;2020-10-28 17:55:00;?stanbul Ba?ak?ehir;Paris Saint-Germain;Fatih Terim Stadium;0;2;0;350
mt213;2020-2021;2020-10-28 20:00:00;Manchester United;RB Leipzig;Old Trafford;5;0;0;577
mt214;2020-2021;2020-11-04 17:55:00;?stanbul Ba?ak?ehir;Manchester United;Fatih Terim Stadium;2;1;0;350
mt215;2020-2021;2020-11-04 20:00:00;RB Leipzig;Paris Saint-Germain;Red Bull Arena;2;1;0;0
mt216;2020-2021;2020-11-24 20:00:00;Manchester United;?stanbul Ba?ak?ehir;Old Trafford;4;1;0;545
mt217;2020-2021;2020-11-24 20:00:00;Paris Saint-Germain;RB Leipzig;Parc des Princes;1;0;0;0
mt218;2020-2021;2020-12-02 17:55:00;?stanbul Ba?ak?ehir;RB Leipzig;Fatih Terim Stadium;3;4;0;0
mt219;2020-2021;2020-12-02 20:00:00;Manchester United;Paris Saint-Germain;Old Trafford;1;3;0;638
mt220;2020-2021;2020-12-08 20:00:00;RB Leipzig;Manchester United;Red Bull Arena;3;2;0;0
mt221;2020-2021;2020-12-09 17:55:00;Paris Saint-Germain;?stanbul Ba?ak?ehir;Parc des Princes;5;1;0;0
mt222;2020-2021;2021-02-16 20:00:00;RB Leipzig;Liverpool FC;Pusk?s Ar?na;0;2;0;0
mt223;2020-2021;2021-02-16 20:00:00;FC Barcelona;Paris Saint-Germain;Spotify Camp Nou;1;4;0;0
mt224;2020-2021;2021-02-17 20:00:00;FC Porto;Juventus;Est?dio do Drag?o;2;1;0;0
mt225;2020-2021;2021-02-17 20:00:00;Sevilla FC;Borussia Dortmund;Ram?n S?nchez Pizju?n;2;3;0;0
mt226;2020-2021;2021-02-23 20:00:00;Lazio Roma;Bayern M?nchen;Olimpico;1;4;0;0
mt227;2020-2021;2021-02-23 20:00:00;Atl?tico Madrid;Chelsea FC;Arena Na?ional?;0;1;0;0
mt228;2020-2021;2021-02-24 20:00:00;Bor. M?nchengladbach;Manchester City;Pusk?s Ar?na;0;2;0;0
mt229;2020-2021;2021-02-24 20:00:00;Atalanta;Real Madrid;Gewiss Stadium;0;1;0;0
mt230;2020-2021;2021-03-09 20:00:00;Juventus;FC Porto;Allianz Stadium;3;2;0;0
mt231;2020-2021;2021-03-09 20:00:00;Borussia Dortmund;Sevilla FC;Signal Iduna Park;2;2;0;0
mt232;2020-2021;2021-03-10 20:00:00;Liverpool FC;RB Leipzig;Pusk?s Ar?na;2;0;0;0
mt233;2020-2021;2021-03-10 20:00:00;Paris Saint-Germain;FC Barcelona;Parc des Princes;1;1;0;0
mt234;2020-2021;2021-03-16 20:00:00;Manchester City;Bor. M?nchengladbach;Pusk?s Ar?na;2;0;0;0
mt235;2020-2021;2021-03-16 20:00:00;Real Madrid;Atalanta;Alfredo Di St?fano;3;1;0;0
mt236;2020-2021;2021-03-17 20:00:00;Bayern M?nchen;Lazio Roma;Allianz Arena;2;1;0;0
mt237;2020-2021;2021-03-17 20:00:00;Chelsea FC;Atl?tico Madrid;Stamford Bridge;2;0;0;0
mt238;2020-2021;2021-04-06 20:00:00;Manchester City;Borussia Dortmund;Etihad Stadium;2;1;0;0
mt239;2020-2021;2021-04-06 20:00:00;Real Madrid;Liverpool FC;Alfredo Di St?fano;3;1;0;0
mt240;2020-2021;2021-04-07 20:00:00;FC Porto;Chelsea FC;Ram?n S?nchez Pizju?n;0;2;0;0
mt241;2020-2021;2021-04-07 20:00:00;Bayern M?nchen;Paris Saint-Germain;Allianz Arena;2;3;0;0
mt242;2020-2021;2021-04-13 20:00:00;Chelsea FC;FC Porto;Ram?n S?nchez Pizju?n;0;1;0;0
mt243;2020-2021;2021-04-13 20:00:00;Paris Saint-Germain;Bayern M?nchen;Parc des Princes;0;1;0;0
mt244;2020-2021;2021-04-14 20:00:00;Borussia Dortmund;Manchester City;Signal Iduna Park;1;2;0;0
mt245;2020-2021;2021-04-14 20:00:00;Liverpool FC;Real Madrid;Anfield;0;0;0;0
mt246;2020-2021;2021-04-27 20:00:00;Real Madrid;Chelsea FC;Alfredo Di St?fano;1;1;0;0
mt247;2020-2021;2021-04-28 20:00:00;Paris Saint-Germain;Manchester City;Parc des Princes;1;2;0;0
mt248;2020-2021;2021-05-04 20:00:00;Manchester City;Paris Saint-Germain;Etihad Stadium;2;0;0;0
mt249;2020-2021;2021-05-05 20:00:00;Chelsea FC;Real Madrid;Stamford Bridge;2;0;0;0
mt250;2020-2021;2021-05-29 20:00:00;Manchester City;Chelsea FC;Est?dio do Drag?o;0;1;0;14110
mt251;2019-2020;2019-09-18 17:55:00;Club Brugge KV;Galatasaray;Jan Breydel Stadion;0;0;0;26616
mt252;2019-2020;2019-09-18 20:00:00;Paris Saint-Germain;Real Madrid;Parc des Princes;3;0;0;46361
mt253;2019-2020;2019-10-01 17:55:00;Real Madrid;Club Brugge KV;Santiago Bernab?u;2;2;0;65112
mt254;2019-2020;2019-10-01 20:00:00;Galatasaray;Paris Saint-Germain;Nef Stadyumu;0;1;0;46532
mt255;2019-2020;2019-10-22 20:00:00;Club Brugge KV;Paris Saint-Germain;Jan Breydel Stadion;0;5;0;26946
mt256;2019-2020;2019-10-22 20:00:00;Galatasaray;Real Madrid;Nef Stadyumu;0;1;0;48886
mt257;2019-2020;2019-11-06 20:00:00;Paris Saint-Germain;Club Brugge KV;Parc des Princes;1;0;0;47418
mt258;2019-2020;2019-11-06 20:00:00;Real Madrid;Galatasaray;Santiago Bernab?u;6;0;0;65492
mt259;2019-2020;2019-11-26 17:55:00;Galatasaray;Club Brugge KV;Nef Stadyumu;1;1;0;34500
mt260;2019-2020;2019-11-26 20:00:00;Real Madrid;Paris Saint-Germain;Santiago Bernab?u;2;2;0;75534
mt261;2019-2020;2019-12-11 20:00:00;Paris Saint-Germain;Galatasaray;Parc des Princes;5;0;0;46509
mt262;2019-2020;2019-12-11 20:00:00;Club Brugge KV;Real Madrid;Jan Breydel Stadion;1;3;0;27308
mt263;2019-2020;2019-09-18 17:55:00;Olympiakos Piraeus;Tottenham Hotspur;Georgios Karaiskakis;2;2;0;31001
mt264;2019-2020;2019-09-18 20:00:00;Bayern M?nchen;Crvena Zvezda;Allianz Arena;3;0;0;70000
mt265;2019-2020;2019-10-01 20:00:00;Tottenham Hotspur;Bayern M?nchen;Tottenham Hotspur Stadium;2;7;0;60127
mt266;2019-2020;2019-10-01 20:00:00;Crvena Zvezda;Olympiakos Piraeus;Marakana;3;1;0;43291
mt267;2019-2020;2019-10-22 20:00:00;Tottenham Hotspur;Crvena Zvezda;Tottenham Hotspur Stadium;5;0;0;51743
mt268;2019-2020;2019-10-22 20:00:00;Olympiakos Piraeus;Bayern M?nchen;Georgios Karaiskakis;2;3;0;31670
mt269;2019-2020;2019-11-06 17:55:00;Bayern M?nchen;Olympiakos Piraeus;Allianz Arena;2;0;0;63646
mt270;2019-2020;2019-11-06 20:00:00;Crvena Zvezda;Tottenham Hotspur;Marakana;0;4;0;42381
mt271;2019-2020;2019-11-26 20:00:00;Tottenham Hotspur;Olympiakos Piraeus;Tottenham Hotspur Stadium;4;2;0;57024
mt272;2019-2020;2019-11-26 20:00:00;Crvena Zvezda;Bayern M?nchen;Marakana;0;6;0;44118
mt273;2019-2020;2019-12-11 20:00:00;Bayern M?nchen;Tottenham Hotspur;Allianz Arena;3;1;0;66353
mt274;2019-2020;2019-12-11 20:00:00;Olympiakos Piraeus;Crvena Zvezda;Georgios Karaiskakis;1;0;0;31898
mt275;2019-2020;2019-09-18 20:00:00;Shakhtar Donetsk;Manchester City;Metalist Stadion;0;3;0;36675
mt276;2019-2020;2019-09-18 20:00:00;Dinamo Zagreb;Atalanta;Maksimir;4;0;0;28863
mt277;2019-2020;2019-10-01 17:55:00;Atalanta;Shakhtar Donetsk;Giuseppe Meazza;1;2;0;26022
mt278;2019-2020;2019-10-01 20:00:00;Manchester City;Dinamo Zagreb;Etihad Stadium;2;0;0;49046
mt279;2019-2020;2019-10-22 17:55:00;Shakhtar Donetsk;Dinamo Zagreb;Metalist Stadion;2;2;0;21526
mt280;2019-2020;2019-10-22 20:00:00;Manchester City;Atalanta;Etihad Stadium;5;1;0;49308
mt281;2019-2020;2019-11-06 20:00:00;Dinamo Zagreb;Shakhtar Donetsk;Maksimir;3;3;0;28316
mt282;2019-2020;2019-11-06 20:00:00;Atalanta;Manchester City;Giuseppe Meazza;1;1;0;34326
mt283;2019-2020;2019-11-26 20:00:00;Manchester City;Shakhtar Donetsk;Etihad Stadium;1;1;0;52020
mt284;2019-2020;2019-11-26 20:00:00;Atalanta;Dinamo Zagreb;Giuseppe Meazza;2;0;0;28365
mt285;2019-2020;2019-12-11 17:55:00;Shakhtar Donetsk;Atalanta;Metalist Stadion;0;3;0;26536
mt286;2019-2020;2019-12-11 17:55:00;Dinamo Zagreb;Manchester City;Maksimir;1;4;0;29385
mt287;2019-2020;2019-09-18 20:00:00;Atl?tico Madrid;Juventus;Wanda Metropolitano;2;2;0;66283
mt288;2019-2020;2019-09-18 20:00:00;Bayer Leverkusen;Lokomotiv Moskva;BayArena;1;2;0;26592
mt289;2019-2020;2019-10-01 20:00:00;Juventus;Bayer Leverkusen;Allianz Stadium;3;0;0;34525
mt290;2019-2020;2019-10-01 20:00:00;Lokomotiv Moskva;Atl?tico Madrid;R?D-Arena;0;2;0;27051
mt291;2019-2020;2019-10-22 17:55:00;Atl?tico Madrid;Bayer Leverkusen;Wanda Metropolitano;1;0;0;56776
mt292;2019-2020;2019-10-22 20:00:00;Juventus;Lokomotiv Moskva;Allianz Stadium;2;1;0;38547
mt293;2019-2020;2019-11-06 17:55:00;Lokomotiv Moskva;Juventus;R?D-Arena;1;2;0;26861
mt294;2019-2020;2019-11-06 20:00:00;Bayer Leverkusen;Atl?tico Madrid;BayArena;2;1;0;28160
mt295;2019-2020;2019-11-26 17:55:00;Lokomotiv Moskva;Bayer Leverkusen;R?D-Arena;0;2;0;25757
mt296;2019-2020;2019-11-26 20:00:00;Juventus;Atl?tico Madrid;Allianz Stadium;1;0;0;40486
mt297;2019-2020;2019-12-11 20:00:00;Atl?tico Madrid;Lokomotiv Moskva;Wanda Metropolitano;2;0;0;58426
mt298;2019-2020;2019-12-11 20:00:00;Bayer Leverkusen;Juventus;BayArena;0;2;0;29542
mt299;2019-2020;2019-09-17 20:00:00;SSC Napoli;Liverpool FC;Diego Maradona;2;0;0;38878
mt300;2019-2020;2019-09-17 20:00:00;RB Salzburg;KRC Genk;Red Bull Arena;6;2;0;29520
mt301;2019-2020;2019-10-02 17:55:00;KRC Genk;SSC Napoli;Cegeka Arena;0;0;0;19962
mt302;2019-2020;2019-10-02 20:00:00;Liverpool FC;RB Salzburg;Anfield;4;3;0;52234
mt303;2019-2020;2019-10-23 20:00:00;RB Salzburg;SSC Napoli;Red Bull Arena;2;3;0;29520
mt304;2019-2020;2019-10-23 20:00:00;KRC Genk;Liverpool FC;Cegeka Arena;1;4;0;19626
mt305;2019-2020;2019-11-05 20:00:00;Liverpool FC;KRC Genk;Anfield;2;1;0;52611
mt306;2019-2020;2019-11-05 20:00:00;SSC Napoli;RB Salzburg;Diego Maradona;1;1;0;32862
mt307;2019-2020;2019-11-27 20:00:00;Liverpool FC;SSC Napoli;Anfield;1;1;0;52128
mt308;2019-2020;2019-11-27 20:00:00;KRC Genk;RB Salzburg;Cegeka Arena;1;4;0;17284
mt309;2019-2020;2019-12-10 17:55:00;SSC Napoli;KRC Genk;Diego Maradona;4;0;0;22265
mt310;2019-2020;2019-12-10 17:55:00;RB Salzburg;Liverpool FC;Red Bull Arena;0;2;0;29520
mt311;2019-2020;2019-09-17 17:55:00;Inter;Slavia Praha;Giuseppe Meazza;1;1;0;50128
mt312;2019-2020;2019-09-17 20:00:00;Borussia Dortmund;FC Barcelona;Signal Iduna Park;0;0;0;66099
mt313;2019-2020;2019-10-02 17:55:00;Slavia Praha;Borussia Dortmund;Sinobo Stadium;0;2;0;19370
mt314;2019-2020;2019-10-02 20:00:00;FC Barcelona;Inter;Spotify Camp Nou;2;1;0;86141
mt315;2019-2020;2019-10-23 20:00:00;Inter;Borussia Dortmund;Giuseppe Meazza;2;0;0;65673
mt316;2019-2020;2019-10-23 20:00:00;Slavia Praha;FC Barcelona;Sinobo Stadium;1;2;0;19170
mt317;2019-2020;2019-11-05 17:55:00;FC Barcelona;Slavia Praha;Spotify Camp Nou;0;0;0;67023
mt318;2019-2020;2019-11-05 20:00:00;Borussia Dortmund;Inter;Signal Iduna Park;3;2;0;66099
mt319;2019-2020;2019-11-27 20:00:00;FC Barcelona;Borussia Dortmund;Spotify Camp Nou;3;1;0;90071
mt320;2019-2020;2019-11-27 20:00:00;Slavia Praha;Inter;Sinobo Stadium;1;3;0;19370
mt321;2019-2020;2019-12-10 20:00:00;Borussia Dortmund;Slavia Praha;Signal Iduna Park;2;1;0;65079
mt322;2019-2020;2019-12-10 20:00:00;Inter;FC Barcelona;Giuseppe Meazza;1;2;0;71818
mt323;2019-2020;2019-09-17 17:55:00;Olympique Lyon;Zenit St. Petersburg;Groupama Stadium;1;1;0;47201
mt324;2019-2020;2019-09-17 20:00:00;SL Benfica;RB Leipzig;Est?dio da Luz;1;2;0;46460
mt325;2019-2020;2019-10-02 20:00:00;Zenit St. Petersburg;SL Benfica;Gazprom Arena;3;1;0;51683
mt326;2019-2020;2019-10-02 20:00:00;RB Leipzig;Olympique Lyon;Red Bull Arena;0;2;0;40194
mt327;2019-2020;2019-10-23 17:55:00;RB Leipzig;Zenit St. Petersburg;Red Bull Arena;2;1;0;41058
mt328;2019-2020;2019-10-23 20:00:00;SL Benfica;Olympique Lyon;Est?dio da Luz;2;1;0;53035
mt329;2019-2020;2019-11-05 17:55:00;Zenit St. Petersburg;RB Leipzig;Gazprom Arena;0;2;0;50452
mt330;2019-2020;2019-11-05 20:00:00;Olympique Lyon;SL Benfica;Groupama Stadium;3;1;0;51077
mt331;2019-2020;2019-11-27 17:55:00;Zenit St. Petersburg;Olympique Lyon;Gazprom Arena;2;0;0;51183
mt332;2019-2020;2019-11-27 20:00:00;RB Leipzig;SL Benfica;Red Bull Arena;2;2;0;38339
mt333;2019-2020;2019-12-10 20:00:00;SL Benfica;Zenit St. Petersburg;Est?dio da Luz;3;0;0;40232
mt334;2019-2020;2019-12-10 20:00:00;Olympique Lyon;RB Leipzig;Groupama Stadium;2;2;0;53288
mt335;2019-2020;2019-09-17 20:00:00;Chelsea FC;Valencia CF;Stamford Bridge;0;1;0;39469
mt336;2019-2020;2019-09-17 20:00:00;AFC Ajax;Lille OSC;Johan Cruijff ArenA;3;0;0;51441
mt337;2019-2020;2019-10-02 20:00:00;Valencia CF;AFC Ajax;Estadio de Mestalla;0;3;0;44659
mt338;2019-2020;2019-10-02 20:00:00;Lille OSC;Chelsea FC;Stade Pierre Mauroy;1;2;0;48523
mt339;2019-2020;2019-10-23 17:55:00;AFC Ajax;Chelsea FC;Johan Cruijff ArenA;0;1;0;52482
mt340;2019-2020;2019-10-23 20:00:00;Lille OSC;Valencia CF;Stade Pierre Mauroy;1;1;0;47488
mt341;2019-2020;2019-11-05 20:00:00;Chelsea FC;AFC Ajax;Stamford Bridge;4;4;0;39132
mt342;2019-2020;2019-11-05 20:00:00;Valencia CF;Lille OSC;Estadio de Mestalla;4;1;0;38252
mt343;2019-2020;2019-11-27 17:55:00;Valencia CF;Chelsea FC;Estadio de Mestalla;2;2;0;43486
mt344;2019-2020;2019-11-27 20:00:00;Lille OSC;AFC Ajax;Stade Pierre Mauroy;0;2;0;48612
mt345;2019-2020;2019-12-10 20:00:00;Chelsea FC;Lille OSC;Stamford Bridge;2;1;0;40016
mt346;2019-2020;2019-12-10 20:00:00;AFC Ajax;Valencia CF;Johan Cruijff ArenA;0;1;0;51931
mt347;2019-2020;2020-02-18 20:00:00;Borussia Dortmund;Paris Saint-Germain;Signal Iduna Park;2;1;0;66099
mt348;2019-2020;2020-02-18 20:00:00;Atl?tico Madrid;Liverpool FC;Wanda Metropolitano;1;0;0;67443
mt349;2019-2020;2020-02-19 20:00:00;Atalanta;Valencia CF;Giuseppe Meazza;4;1;0;44236
mt350;2019-2020;2020-02-19 20:00:00;Tottenham Hotspur;RB Leipzig;Tottenham Hotspur Stadium;0;1;0;60095
mt351;2019-2020;2020-02-25 20:00:00;Chelsea FC;Bayern M?nchen;Stamford Bridge;0;3;0;36761
mt352;2019-2020;2020-02-25 20:00:00;SSC Napoli;FC Barcelona;Diego Maradona;1;1;0;44388
mt353;2019-2020;2020-02-26 20:00:00;Real Madrid;Manchester City;Santiago Bernab?u;1;2;0;75615
mt354;2019-2020;2020-02-26 20:00:00;Olympique Lyon;Juventus;Groupama Stadium;1;0;0;57335
mt355;2019-2020;2020-03-10 20:00:00;Valencia CF;Atalanta;Estadio de Mestalla;3;4;0;0
mt356;2019-2020;2020-03-10 20:00:00;RB Leipzig;Tottenham Hotspur;Red Bull Arena;3;0;0;42146
mt357;2019-2020;2020-03-11 20:00:00;Paris Saint-Germain;Borussia Dortmund;Parc des Princes;2;0;0;0
mt358;2019-2020;2020-03-11 20:00:00;Liverpool FC;Atl?tico Madrid;Anfield;2;3;0;45000
mt359;2019-2020;2020-08-07 20:00:00;Manchester City;Real Madrid;Etihad Stadium;2;1;0;0
mt360;2019-2020;2020-08-07 20:00:00;Juventus;Olympique Lyon;Allianz Stadium;2;1;0;0
mt361;2019-2020;2020-08-08 20:00:00;Bayern M?nchen;Chelsea FC;Allianz Arena;4;1;0;0
mt362;2019-2020;2020-08-08 20:00:00;FC Barcelona;SSC Napoli;Spotify Camp Nou;3;1;0;0
mt363;2019-2020;2020-08-12 20:00:00;Atalanta;Paris Saint-Germain;Est?dio da Luz;1;2;0;0
mt364;2019-2020;2020-08-13 20:00:00;RB Leipzig;Atl?tico Madrid;Est?dio Jos? Alvalade;2;1;0;0
mt365;2019-2020;2020-08-14 20:00:00;FC Barcelona;Bayern M?nchen;Est?dio da Luz;2;8;0;0
mt366;2019-2020;2020-08-15 20:00:00;Manchester City;Olympique Lyon;Est?dio Jos? Alvalade;1;3;0;0
mt367;2019-2020;2020-08-18 20:00:00;RB Leipzig;Paris Saint-Germain;Est?dio da Luz;0;3;0;0
mt368;2019-2020;2020-08-19 20:00:00;Olympique Lyon;Bayern M?nchen;Est?dio Jos? Alvalade;0;3;0;0
mt369;2019-2020;2020-08-23 20:00:00;Paris Saint-Germain;Bayern M?nchen;Est?dio da Luz;0;1;0;0
mt370;2018-2019;2018-09-18 20:00:00;AS Monaco;Atl?tico Madrid;Stade Louis II;1;2;0;10575
mt371;2018-2019;2018-09-18 20:00:00;Club Brugge KV;Borussia Dortmund;Jan Breydel Stadion;0;1;0;25181
mt372;2018-2019;2018-10-03 20:00:00;Borussia Dortmund;AS Monaco;Signal Iduna Park;3;0;0;66099
mt373;2018-2019;2018-10-03 20:00:00;Atl?tico Madrid;Club Brugge KV;Wanda Metropolitano;3;1;0;55742
mt374;2018-2019;2018-10-24 17:55:00;Club Brugge KV;AS Monaco;Jan Breydel Stadion;1;1;0;23957
mt375;2018-2019;2018-10-24 20:00:00;Borussia Dortmund;Atl?tico Madrid;Signal Iduna Park;4;0;0;66099
mt376;2018-2019;2018-11-06 17:55:00;AS Monaco;Club Brugge KV;Stade Louis II;0;4;0;8347
mt377;2018-2019;2018-11-06 20:00:00;Atl?tico Madrid;Borussia Dortmund;Wanda Metropolitano;2;0;0;61023
mt378;2018-2019;2018-11-28 17:55:00;Atl?tico Madrid;AS Monaco;Wanda Metropolitano;2;0;0;56314
mt379;2018-2019;2018-11-28 20:00:00;Borussia Dortmund;Club Brugge KV;Signal Iduna Park;0;0;0;66099
mt380;2018-2019;2018-12-11 20:00:00;AS Monaco;Borussia Dortmund;Stade Louis II;0;2;0;8731
mt381;2018-2019;2018-12-11 20:00:00;Club Brugge KV;Atl?tico Madrid;Jan Breydel Stadion;0;0;0;25645
mt382;2018-2019;2018-09-18 17:55:00;FC Barcelona;PSV Eindhoven;Spotify Camp Nou;4;0;0;73462
mt383;2018-2019;2018-09-18 17:55:00;Inter;Tottenham Hotspur;Giuseppe Meazza;2;1;0;64123
mt384;2018-2019;2018-10-03 20:00:00;Tottenham Hotspur;FC Barcelona;Wembley Stadium;2;4;0;82137
mt385;2018-2019;2018-10-03 20:00:00;PSV Eindhoven;Inter;Philips Stadion;1;2;0;34750
mt386;2018-2019;2018-10-24 17:55:00;PSV Eindhoven;Tottenham Hotspur;Philips Stadion;2;2;0;35000
mt387;2018-2019;2018-10-24 20:00:00;FC Barcelona;Inter;Spotify Camp Nou;2;0;0;86290
mt388;2018-2019;2018-11-06 20:00:00;Tottenham Hotspur;PSV Eindhoven;Wembley Stadium;2;1;0;46588
mt389;2018-2019;2018-11-06 20:00:00;Inter;FC Barcelona;Giuseppe Meazza;1;1;0;70915
mt390;2018-2019;2018-11-28 20:00:00;PSV Eindhoven;FC Barcelona;Philips Stadion;1;2;0;34600
mt391;2018-2019;2018-11-28 20:00:00;Tottenham Hotspur;Inter;Wembley Stadium;1;0;0;57132
mt392;2018-2019;2018-12-11 20:00:00;FC Barcelona;Tottenham Hotspur;Spotify Camp Nou;1;1;0;69961
mt393;2018-2019;2018-12-11 20:00:00;Inter;PSV Eindhoven;Giuseppe Meazza;1;1;0;62533
mt394;2018-2019;2018-09-18 20:00:00;Liverpool FC;Paris Saint-Germain;Anfield;3;2;0;52478
mt395;2018-2019;2018-09-18 20:00:00;Crvena Zvezda;SSC Napoli;Marakana;0;0;0;49112
mt396;2018-2019;2018-10-03 17:55:00;Paris Saint-Germain;Crvena Zvezda;Parc des Princes;6;1;0;39979
mt397;2018-2019;2018-10-03 20:00:00;SSC Napoli;Liverpool FC;Diego Maradona;1;0;0;37057
mt398;2018-2019;2018-10-24 20:00:00;Paris Saint-Germain;SSC Napoli;Parc des Princes;2;2;0;46274
mt399;2018-2019;2018-10-24 20:00:00;Liverpool FC;Crvena Zvezda;Anfield;4;0;0;53024
mt400;2018-2019;2018-11-06 17:55:00;Crvena Zvezda;Liverpool FC;Marakana;2;0;0;51318
mt401;2018-2019;2018-11-06 20:00:00;SSC Napoli;Paris Saint-Germain;Diego Maradona;1;1;0;55489
mt402;2018-2019;2018-11-28 20:00:00;Paris Saint-Germain;Liverpool FC;Parc des Princes;2;1;0;46880
mt403;2018-2019;2018-11-28 20:00:00;SSC Napoli;Crvena Zvezda;Diego Maradona;3;1;0;44470
mt404;2018-2019;2018-12-11 20:00:00;Liverpool FC;SSC Napoli;Anfield;1;0;0;52015
mt405;2018-2019;2018-12-11 20:00:00;Crvena Zvezda;Paris Saint-Germain;Marakana;1;4;0;48357
mt406;2018-2019;2018-09-18 20:00:00;FC Schalke 04;FC Porto;Veltins-Arena;1;1;0;45755
mt407;2018-2019;2018-09-18 20:00:00;Galatasaray;Lokomotiv Moskva;Nef Stadyumu;3;0;0;43542
mt408;2018-2019;2018-10-03 17:55:00;Lokomotiv Moskva;FC Schalke 04;R?D-Arena;0;1;0;21471
mt409;2018-2019;2018-10-03 20:00:00;FC Porto;Galatasaray;Est?dio do Drag?o;1;0;0;42711
mt410;2018-2019;2018-10-24 20:00:00;Lokomotiv Moskva;FC Porto;R?D-Arena;1;3;0;16034
mt411;2018-2019;2018-10-24 20:00:00;Galatasaray;FC Schalke 04;Nef Stadyumu;0;0;0;46667
mt412;2018-2019;2018-11-06 20:00:00;FC Porto;Lokomotiv Moskva;Est?dio do Drag?o;4;1;0;34616
mt413;2018-2019;2018-11-06 20:00:00;FC Schalke 04;Galatasaray;Veltins-Arena;2;0;0;54740
mt414;2018-2019;2018-11-28 17:55:00;Lokomotiv Moskva;Galatasaray;R?D-Arena;2;0;0;14037
mt415;2018-2019;2018-11-28 20:00:00;FC Porto;FC Schalke 04;Est?dio do Drag?o;3;1;0;41603
mt416;2018-2019;2018-12-11 17:55:00;FC Schalke 04;Lokomotiv Moskva;Veltins-Arena;1;0;0;48883
mt417;2018-2019;2018-12-11 17:55:00;Galatasaray;FC Porto;Nef Stadyumu;2;3;0;33972
mt418;2018-2019;2018-09-19 17:55:00;AFC Ajax;AEK Athen;Johan Cruijff ArenA;3;0;0;52285
mt419;2018-2019;2018-09-19 20:00:00;SL Benfica;Bayern M?nchen;Est?dio da Luz;0;2;0;60274
mt420;2018-2019;2018-10-02 20:00:00;Bayern M?nchen;AFC Ajax;Allianz Arena;1;1;0;70000
mt421;2018-2019;2018-10-02 20:00:00;AEK Athen;SL Benfica;Spyros Louis (OAKA);2;3;0;31154
mt422;2018-2019;2018-10-23 17:55:00;AEK Athen;Bayern M?nchen;Spyros Louis (OAKA);0;2;0;61221
mt423;2018-2019;2018-10-23 20:00:00;AFC Ajax;SL Benfica;Johan Cruijff ArenA;1;0;0;52489
mt424;2018-2019;2018-11-07 20:00:00;SL Benfica;AFC Ajax;Est?dio da Luz;1;1;0;51328
mt425;2018-2019;2018-11-07 20:00:00;Bayern M?nchen;AEK Athen;Allianz Arena;2;0;0;70000
mt426;2018-2019;2018-11-27 17:55:00;AEK Athen;AFC Ajax;Spyros Louis (OAKA);0;2;0;25756
mt427;2018-2019;2018-11-27 20:00:00;Bayern M?nchen;SL Benfica;Allianz Arena;5;1;0;70000
mt428;2018-2019;2018-12-12 20:00:00;AFC Ajax;Bayern M?nchen;Johan Cruijff ArenA;3;3;0;52244
mt429;2018-2019;2018-12-12 20:00:00;SL Benfica;AEK Athen;Est?dio da Luz;1;0;0;33633
mt430;2018-2019;2018-09-19 17:55:00;Shakhtar Donetsk;1899 Hoffenheim;Metalist Stadion;2;2;0;28336
mt431;2018-2019;2018-09-19 20:00:00;Manchester City;Olympique Lyon;Etihad Stadium;1;2;0;40111
mt432;2018-2019;2018-10-02 17:55:00;1899 Hoffenheim;Manchester City;PreZero Arena;1;2;0;24851
mt433;2018-2019;2018-10-02 20:00:00;Olympique Lyon;Shakhtar Donetsk;Groupama Stadium;2;2;0;0
mt434;2018-2019;2018-10-23 20:00:00;Shakhtar Donetsk;Manchester City;Metalist Stadion;0;3;0;37106
mt435;2018-2019;2018-10-23 20:00:00;1899 Hoffenheim;Olympique Lyon;PreZero Arena;3;3;0;24144
mt436;2018-2019;2018-11-07 20:00:00;Manchester City;Shakhtar Donetsk;Etihad Stadium;6;0;0;52286
mt437;2018-2019;2018-11-07 20:00:00;Olympique Lyon;1899 Hoffenheim;Groupama Stadium;2;2;0;53850
mt438;2018-2019;2018-11-27 20:00:00;Olympique Lyon;Manchester City;Groupama Stadium;2;2;0;56039
mt439;2018-2019;2018-11-27 20:00:00;1899 Hoffenheim;Shakhtar Donetsk;PreZero Arena;2;3;0;22920
mt440;2018-2019;2018-12-12 20:00:00;Shakhtar Donetsk;Olympique Lyon;Olimpiyskyi;1;1;0;38916
mt441;2018-2019;2018-12-12 20:00:00;Manchester City;1899 Hoffenheim;Etihad Stadium;2;1;0;50411
mt442;2018-2019;2018-09-19 20:00:00;Real Madrid;AS Roma;Santiago Bernab?u;3;0;0;69251
mt443;2018-2019;2018-09-19 20:00:00;Viktoria Plze?;CSKA Moskva;Doosan Arena;2;2;0;11312
mt444;2018-2019;2018-10-02 20:00:00;CSKA Moskva;Real Madrid;Luzhniki;1;0;0;71811
mt445;2018-2019;2018-10-02 20:00:00;AS Roma;Viktoria Plze?;Olimpico;5;0;0;41243
mt446;2018-2019;2018-10-23 20:00:00;AS Roma;CSKA Moskva;Olimpico;3;0;0;46005
mt447;2018-2019;2018-10-23 20:00:00;Real Madrid;Viktoria Plze?;Santiago Bernab?u;2;1;0;67356
mt448;2018-2019;2018-11-07 17:55:00;CSKA Moskva;AS Roma;Luzhniki;1;2;0;64454
mt449;2018-2019;2018-11-07 20:00:00;Viktoria Plze?;Real Madrid;Doosan Arena;0;5;0;11483
mt450;2018-2019;2018-11-27 17:55:00;CSKA Moskva;Viktoria Plze?;Luzhniki;1;2;0;52892
mt451;2018-2019;2018-11-27 20:00:00;AS Roma;Real Madrid;Olimpico;0;2;0;59124
mt452;2018-2019;2018-12-12 17:55:00;Real Madrid;CSKA Moskva;Santiago Bernab?u;0;3;0;51636
mt453;2018-2019;2018-12-12 17:55:00;Viktoria Plze?;AS Roma;Doosan Arena;2;1;0;11217
mt454;2018-2019;2018-09-19 20:00:00;Valencia CF;Juventus;Estadio de Mestalla;0;2;0;46067
mt455;2018-2019;2018-09-19 20:00:00;BSC Young Boys;Manchester United;Stadion Wankdorf;0;3;0;31120
mt456;2018-2019;2018-10-02 17:55:00;Juventus;BSC Young Boys;Allianz Stadium;3;0;0;40961
mt457;2018-2019;2018-10-02 20:00:00;Manchester United;Valencia CF;Old Trafford;0;0;0;73569
mt458;2018-2019;2018-10-23 17:55:00;BSC Young Boys;Valencia CF;Stadion Wankdorf;1;1;0;31120
mt459;2018-2019;2018-10-23 20:00:00;Manchester United;Juventus;Old Trafford;0;1;0;73946
mt460;2018-2019;2018-11-07 17:55:00;Valencia CF;BSC Young Boys;Estadio de Mestalla;3;1;0;36480
mt461;2018-2019;2018-11-07 20:00:00;Juventus;Manchester United;Allianz Stadium;1;2;0;41470
mt462;2018-2019;2018-11-27 20:00:00;Juventus;Valencia CF;Allianz Stadium;1;0;0;39070
mt463;2018-2019;2018-11-27 20:00:00;Manchester United;BSC Young Boys;Old Trafford;1;0;0;72876
mt464;2018-2019;2018-12-12 20:00:00;Valencia CF;Manchester United;Estadio de Mestalla;2;1;0;36544
mt465;2018-2019;2018-12-12 20:00:00;BSC Young Boys;Juventus;Stadion Wankdorf;2;1;0;30114
mt466;2018-2019;2019-02-12 20:00:00;Manchester United;Paris Saint-Germain;Old Trafford;0;2;0;74054
mt467;2018-2019;2019-02-12 20:00:00;AS Roma;FC Porto;Olimpico;2;1;0;51727
mt468;2018-2019;2019-02-13 20:00:00;Tottenham Hotspur;Borussia Dortmund;Wembley Stadium;3;0;0;71214
mt469;2018-2019;2019-02-13 20:00:00;AFC Ajax;Real Madrid;Johan Cruijff ArenA;1;2;0;52286
mt470;2018-2019;2019-02-19 20:00:00;Olympique Lyon;FC Barcelona;Groupama Stadium;0;0;0;57889
mt471;2018-2019;2019-02-19 20:00:00;Liverpool FC;Bayern M?nchen;Anfield;0;0;0;52250
mt472;2018-2019;2019-02-20 20:00:00;FC Schalke 04;Manchester City;Veltins-Arena;2;3;0;54417
mt473;2018-2019;2019-02-20 20:00:00;Atl?tico Madrid;Juventus;Wanda Metropolitano;2;0;0;67193
mt474;2018-2019;2019-03-05 20:00:00;Borussia Dortmund;Tottenham Hotspur;Signal Iduna Park;0;1;0;66099
mt475;2018-2019;2019-03-05 20:00:00;Real Madrid;AFC Ajax;Santiago Bernab?u;1;4;0;77013
mt476;2018-2019;2019-03-06 20:00:00;Paris Saint-Germain;Manchester United;Parc des Princes;1;3;0;47441
mt477;2018-2019;2019-03-06 20:00:00;FC Porto;AS Roma;Est?dio do Drag?o;3;1;0;49029
mt478;2018-2019;2019-03-12 20:00:00;Manchester City;FC Schalke 04;Etihad Stadium;7;0;0;51518
mt479;2018-2019;2019-03-12 20:00:00;Juventus;Atl?tico Madrid;Allianz Stadium;3;0;0;40884
mt480;2018-2019;2019-03-13 20:00:00;FC Barcelona;Olympique Lyon;Spotify Camp Nou;5;1;0;92346
mt481;2018-2019;2019-03-13 20:00:00;Bayern M?nchen;Liverpool FC;Allianz Arena;1;3;0;68145
mt482;2018-2019;2019-04-09 20:00:00;Liverpool FC;FC Porto;Anfield;2;0;0;52465
mt483;2018-2019;2019-04-09 20:00:00;Tottenham Hotspur;Manchester City;Tottenham Hotspur Stadium;1;0;0;60044
mt484;2018-2019;2019-04-10 20:00:00;AFC Ajax;Juventus;Johan Cruijff ArenA;1;1;0;50390
mt485;2018-2019;2019-04-10 20:00:00;Manchester United;FC Barcelona;Old Trafford;0;1;0;74093
mt486;2018-2019;2019-04-16 20:00:00;Juventus;AFC Ajax;Allianz Stadium;1;2;0;41445
mt487;2018-2019;2019-04-16 20:00:00;FC Barcelona;Manchester United;Spotify Camp Nou;3;0;0;96708
mt488;2018-2019;2019-04-17 20:00:00;FC Porto;Liverpool FC;Est?dio do Drag?o;1;4;0;49117
mt489;2018-2019;2019-04-17 20:00:00;Manchester City;Tottenham Hotspur;Etihad Stadium;4;3;0;53348
mt490;2018-2019;2019-04-30 20:00:00;Tottenham Hotspur;AFC Ajax;Tottenham Hotspur Stadium;0;1;0;60243
mt491;2018-2019;2019-05-01 20:00:00;FC Barcelona;Liverpool FC;Spotify Camp Nou;3;0;0;98299
mt492;2018-2019;2019-05-07 20:00:00;Liverpool FC;FC Barcelona;Anfield;4;0;0;55212
mt493;2018-2019;2019-05-08 20:00:00;AFC Ajax;Tottenham Hotspur;Johan Cruijff ArenA;2;3;0;52641
mt494;2018-2019;2019-06-01 20:00:00;Tottenham Hotspur;Liverpool FC;Wanda Metropolitano;0;2;0;63272
mt495;2017-2018;2017-09-12 19:45:00;Manchester United;FC Basel;Old Trafford;3;0;0;73854
mt496;2017-2018;2017-09-12 19:45:00;SL Benfica;CSKA Moskva;Est?dio da Luz;1;2;0;38323
mt497;2017-2018;2017-09-27 19:45:00;FC Basel;SL Benfica;St. Jakob-Park;5;0;0;34111
mt498;2017-2018;2017-09-27 19:45:00;CSKA Moskva;Manchester United;VEB Arena;1;4;0;29073
mt499;2017-2018;2017-10-18 19:45:00;SL Benfica;Manchester United;Est?dio da Luz;0;1;0;57684
mt500;2017-2018;2017-10-18 19:45:00;CSKA Moskva;FC Basel;VEB Arena;0;2;0;27996
mt501;2017-2018;2017-10-31 19:45:00;Manchester United;SL Benfica;Old Trafford;2;0;0;74437
mt502;2017-2018;2017-10-31 19:45:00;FC Basel;CSKA Moskva;St. Jakob-Park;1;2;0;33303
mt503;2017-2018;2017-11-22 17:00:00;CSKA Moskva;SL Benfica;VEB Arena;2;0;0;27709
mt504;2017-2018;2017-11-22 19:45:00;FC Basel;Manchester United;St. Jakob-Park;1;0;0;36000
mt505;2017-2018;2017-12-05 19:45:00;SL Benfica;FC Basel;Est?dio da Luz;0;2;0;22470
mt506;2017-2018;2017-12-05 19:45:00;Manchester United;CSKA Moskva;Old Trafford;2;1;0;74669
mt507;2017-2018;2017-09-12 19:45:00;Bayern M?nchen;RSC Anderlecht;Allianz Arena;3;0;0;70000
mt508;2017-2018;2017-09-12 19:45:00;Celtic FC;Paris Saint-Germain;Celtic Park;0;5;0;57562
mt509;2017-2018;2017-09-27 19:45:00;Paris Saint-Germain;Bayern M?nchen;Parc des Princes;3;0;0;46252
mt510;2017-2018;2017-09-27 19:45:00;RSC Anderlecht;Celtic FC;Lotto Park;0;3;0;19898
mt511;2017-2018;2017-10-18 19:45:00;RSC Anderlecht;Paris Saint-Germain;Lotto Park;0;4;0;19108
mt512;2017-2018;2017-10-18 19:45:00;Bayern M?nchen;Celtic FC;Allianz Arena;3;0;0;70000
mt513;2017-2018;2017-10-31 19:45:00;Paris Saint-Germain;RSC Anderlecht;Parc des Princes;5;0;0;46403
mt514;2017-2018;2017-10-31 19:45:00;Celtic FC;Bayern M?nchen;Celtic Park;1;2;0;58269
mt515;2017-2018;2017-11-22 19:45:00;RSC Anderlecht;Bayern M?nchen;Lotto Park;1;2;0;19753
mt516;2017-2018;2017-11-22 19:45:00;Paris Saint-Germain;Celtic FC;Parc des Princes;7;1;0;46288
mt517;2017-2018;2017-12-05 19:45:00;Bayern M?nchen;Paris Saint-Germain;Allianz Arena;3;1;0;70000
mt518;2017-2018;2017-12-05 19:45:00;Celtic FC;RSC Anderlecht;Celtic Park;0;1;0;57931
mt519;2017-2018;2017-09-12 19:45:00;AS Roma;Atl?tico Madrid;Olimpico;0;0;0;36064
mt520;2017-2018;2017-09-12 19:45:00;Chelsea FC;Qaraba? FK;Stamford Bridge;6;0;0;41150
mt521;2017-2018;2017-09-27 17:00:00;Qaraba? FK;AS Roma;Baku National Stadium;1;2;0;67200
mt522;2017-2018;2017-09-27 19:45:00;Atl?tico Madrid;Chelsea FC;Wanda Metropolitano;1;2;0;60643
mt523;2017-2018;2017-10-18 17:00:00;Qaraba? FK;Atl?tico Madrid;Baku National Stadium;0;0;0;47923
mt524;2017-2018;2017-10-18 19:45:00;Chelsea FC;AS Roma;Stamford Bridge;3;3;0;41105
mt525;2017-2018;2017-10-31 19:45:00;AS Roma;Chelsea FC;Olimpico;3;0;0;55036
mt526;2017-2018;2017-10-31 19:45:00;Atl?tico Madrid;Qaraba? FK;Wanda Metropolitano;1;1;0;55893
mt527;2017-2018;2017-11-22 17:00:00;Qaraba? FK;Chelsea FC;Baku National Stadium;0;4;0;67100
mt528;2017-2018;2017-11-22 19:45:00;Atl?tico Madrid;AS Roma;Wanda Metropolitano;2;0;0;56253
mt529;2017-2018;2017-12-05 19:45:00;Chelsea FC;Atl?tico Madrid;Stamford Bridge;1;1;0;40875
mt530;2017-2018;2017-12-05 19:45:00;AS Roma;Qaraba? FK;Olimpico;1;0;0;34258
mt531;2017-2018;2017-09-12 19:45:00;FC Barcelona;Juventus;Spotify Camp Nou;3;0;0;78656
mt532;2017-2018;2017-09-12 19:45:00;Olympiakos Piraeus;Sporting CP;Georgios Karaiskakis;2;3;0;30168
mt533;2017-2018;2017-09-27 19:45:00;Juventus;Olympiakos Piraeus;Allianz Stadium;2;0;0;33460
mt534;2017-2018;2017-09-27 19:45:00;Sporting CP;FC Barcelona;Est?dio Jos? Alvalade;0;1;0;48575
mt535;2017-2018;2017-10-18 19:45:00;FC Barcelona;Olympiakos Piraeus;Spotify Camp Nou;3;1;0;55026
mt536;2017-2018;2017-10-18 19:45:00;Juventus;Sporting CP;Allianz Stadium;2;1;0;36288
mt537;2017-2018;2017-10-31 19:45:00;Olympiakos Piraeus;FC Barcelona;Georgios Karaiskakis;0;0;0;31600
mt538;2017-2018;2017-10-31 19:45:00;Sporting CP;Juventus;Est?dio Jos? Alvalade;1;1;0;48442
mt539;2017-2018;2017-11-22 19:45:00;Juventus;FC Barcelona;Allianz Stadium;0;0;0;40876
mt540;2017-2018;2017-11-22 19:45:00;Sporting CP;Olympiakos Piraeus;Est?dio Jos? Alvalade;3;1;0;42528
mt541;2017-2018;2017-12-05 19:45:00;FC Barcelona;Sporting CP;Spotify Camp Nou;2;0;0;48336
mt542;2017-2018;2017-12-05 19:45:00;Olympiakos Piraeus;Juventus;Georgios Karaiskakis;0;2;0;29567
mt543;2017-2018;2017-09-13 19:45:00;Liverpool FC;Sevilla FC;Anfield;2;2;0;52332
mt544;2017-2018;2017-09-13 19:45:00;NK Maribor;Spartak Moskva;Ljudski vrt;1;1;0;12566
mt545;2017-2018;2017-09-26 19:45:00;Spartak Moskva;Liverpool FC;Otkrytie Arena;1;1;0;43376
mt546;2017-2018;2017-09-26 19:45:00;Sevilla FC;NK Maribor;Ram?n S?nchez Pizju?n;3;0;0;34705
mt547;2017-2018;2017-10-17 19:45:00;Spartak Moskva;Sevilla FC;Otkrytie Arena;5;1;0;44307
mt548;2017-2018;2017-10-17 19:45:00;NK Maribor;Liverpool FC;Ljudski vrt;0;7;0;12506
mt549;2017-2018;2017-11-01 19:45:00;Sevilla FC;Spartak Moskva;Ram?n S?nchez Pizju?n;2;1;0;38002
mt550;2017-2018;2017-11-01 19:45:00;Liverpool FC;NK Maribor;Anfield;3;0;0;47957
mt551;2017-2018;2017-11-21 17:00:00;Spartak Moskva;NK Maribor;Otkrytie Arena;1;1;0;42920
mt552;2017-2018;2017-11-21 19:45:00;Sevilla FC;Liverpool FC;Ram?n S?nchez Pizju?n;3;3;0;39495
mt553;2017-2018;2017-12-06 19:45:00;Liverpool FC;Spartak Moskva;Anfield;7;0;0;48779
mt554;2017-2018;2017-12-06 19:45:00;NK Maribor;Sevilla FC;Ljudski vrt;1;1;0;11976
mt555;2017-2018;2017-09-13 19:45:00;Shakhtar Donetsk;SSC Napoli;Metalist Stadion;2;1;0;32679
mt556;2017-2018;2017-09-13 19:45:00;Feyenoord;Manchester City;De Kuip;0;4;0;43500
mt557;2017-2018;2017-09-26 19:45:00;Manchester City;Shakhtar Donetsk;Etihad Stadium;2;0;0;45310
mt558;2017-2018;2017-09-26 19:45:00;SSC Napoli;Feyenoord;Diego Maradona;3;1;0;22577
mt559;2017-2018;2017-10-17 19:45:00;Manchester City;SSC Napoli;Etihad Stadium;2;1;0;48520
mt560;2017-2018;2017-10-17 19:45:00;Feyenoord;Shakhtar Donetsk;De Kuip;1;2;0;43500
mt561;2017-2018;2017-11-01 19:45:00;SSC Napoli;Manchester City;Diego Maradona;2;4;0;44483
mt562;2017-2018;2017-11-01 19:45:00;Shakhtar Donetsk;Feyenoord;Metalist Stadion;3;1;0;24570
mt563;2017-2018;2017-11-21 19:45:00;SSC Napoli;Shakhtar Donetsk;Diego Maradona;3;0;0;10573
mt564;2017-2018;2017-11-21 19:45:00;Manchester City;Feyenoord;Etihad Stadium;1;0;0;43548
mt565;2017-2018;2017-12-06 19:45:00;Shakhtar Donetsk;Manchester City;Metalist Stadion;2;1;0;33154
mt566;2017-2018;2017-12-06 19:45:00;Feyenoord;SSC Napoli;De Kuip;2;1;0;36500
mt567;2017-2018;2017-09-13 19:45:00;FC Porto;Be?ikta?;Est?dio do Drag?o;1;3;0;42429
mt568;2017-2018;2017-09-13 19:45:00;RB Leipzig;AS Monaco;Red Bull Arena;1;1;0;40068
mt569;2017-2018;2017-09-26 19:45:00;AS Monaco;FC Porto;Stade Louis II;0;3;0;11703
mt570;2017-2018;2017-09-26 19:45:00;Be?ikta?;RB Leipzig;Vodafone Park;2;0;0;36641
mt571;2017-2018;2017-10-17 19:45:00;AS Monaco;Be?ikta?;Stade Louis II;1;2;0;7403
mt572;2017-2018;2017-10-17 19:45:00;RB Leipzig;FC Porto;Red Bull Arena;3;2;0;41496
mt573;2017-2018;2017-11-01 17:00:00;Be?ikta?;AS Monaco;Vodafone Park;1;1;0;39346
mt574;2017-2018;2017-11-01 19:45:00;FC Porto;RB Leipzig;Est?dio do Drag?o;3;1;0;41616
mt575;2017-2018;2017-11-21 17:00:00;Be?ikta?;FC Porto;Vodafone Park;1;1;0;36919
mt576;2017-2018;2017-11-21 19:45:00;AS Monaco;RB Leipzig;Stade Louis II;1;4;0;9029
mt577;2017-2018;2017-12-06 19:45:00;FC Porto;AS Monaco;Est?dio do Drag?o;5;2;0;42509
mt578;2017-2018;2017-12-06 19:45:00;RB Leipzig;Be?ikta?;Red Bull Arena;1;2;0;42558
mt579;2017-2018;2017-09-13 19:45:00;Tottenham Hotspur;Borussia Dortmund;Wembley Stadium;3;1;0;67343
mt580;2017-2018;2017-09-13 19:45:00;Real Madrid;APOEL Nikosia;Santiago Bernab?u;3;0;0;71060
mt581;2017-2018;2017-09-26 19:45:00;Borussia Dortmund;Real Madrid;Signal Iduna Park;1;3;0;65849
mt582;2017-2018;2017-09-26 19:45:00;APOEL Nikosia;Tottenham Hotspur;Neo GSP Stadium;0;3;0;16324
mt583;2017-2018;2017-10-17 19:45:00;Real Madrid;Tottenham Hotspur;Santiago Bernab?u;1;1;0;76589
mt584;2017-2018;2017-10-17 19:45:00;APOEL Nikosia;Borussia Dortmund;Neo GSP Stadium;1;1;0;15604
mt585;2017-2018;2017-11-01 19:45:00;Tottenham Hotspur;Real Madrid;Wembley Stadium;3;1;0;83782
mt586;2017-2018;2017-11-01 19:45:00;Borussia Dortmund;APOEL Nikosia;Signal Iduna Park;1;1;0;64509
mt587;2017-2018;2017-11-21 19:45:00;Borussia Dortmund;Tottenham Hotspur;Signal Iduna Park;1;2;0;65849
mt588;2017-2018;2017-11-21 19:45:00;APOEL Nikosia;Real Madrid;Neo GSP Stadium;0;6;0;19705
mt589;2017-2018;2017-12-06 19:45:00;Real Madrid;Borussia Dortmund;Santiago Bernab?u;3;2;0;73323
mt590;2017-2018;2017-12-06 19:45:00;Tottenham Hotspur;APOEL Nikosia;Wembley Stadium;3;0;0;42679
mt591;2017-2018;2018-02-13 19:45:00;Juventus;Tottenham Hotspur;Allianz Stadium;2;2;0;41232
mt592;2017-2018;2018-02-13 19:45:00;FC Basel;Manchester City;St. Jakob-Park;0;4;0;36000
mt593;2017-2018;2018-02-14 19:45:00;FC Porto;Liverpool FC;Est?dio do Drag?o;0;5;0;47718
mt594;2017-2018;2018-02-14 19:45:00;Real Madrid;Paris Saint-Germain;Santiago Bernab?u;3;1;0;78158
mt595;2017-2018;2018-02-20 19:45:00;Chelsea FC;FC Barcelona;Stamford Bridge;1;1;0;37741
mt596;2017-2018;2018-02-20 19:45:00;Bayern M?nchen;Be?ikta?;Allianz Arena;5;0;0;70000
mt597;2017-2018;2018-02-21 19:45:00;Sevilla FC;Manchester United;Ram?n S?nchez Pizju?n;0;0;0;39725
mt598;2017-2018;2018-02-21 19:45:00;Shakhtar Donetsk;AS Roma;Metalist Stadion;2;1;0;35124
mt599;2017-2018;2018-03-06 19:45:00;Liverpool FC;FC Porto;Anfield;0;0;0;48768
mt600;2017-2018;2018-03-06 19:45:00;Paris Saint-Germain;Real Madrid;Parc des Princes;1;2;0;46585
mt601;2017-2018;2018-03-07 19:45:00;Tottenham Hotspur;Juventus;Wembley Stadium;1;2;0;84010
mt602;2017-2018;2018-03-07 19:45:00;Manchester City;FC Basel;Etihad Stadium;1;2;0;49411
mt603;2017-2018;2018-03-13 19:45:00;Manchester United;Sevilla FC;Old Trafford;1;2;0;74909
mt604;2017-2018;2018-03-13 19:45:00;AS Roma;Shakhtar Donetsk;Olimpico;1;0;0;47693
mt605;2017-2018;2018-03-14 17:00:00;Be?ikta?;Bayern M?nchen;Vodafone Park;1;3;0;36885
mt606;2017-2018;2018-03-14 19:45:00;FC Barcelona;Chelsea FC;Spotify Camp Nou;3;0;0;97183
mt607;2017-2018;2018-04-03 19:45:00;Sevilla FC;Bayern M?nchen;Ram?n S?nchez Pizju?n;1;2;0;40635
mt608;2017-2018;2018-04-03 19:45:00;Juventus;Real Madrid;Allianz Stadium;0;3;0;40849
mt609;2017-2018;2018-04-04 19:45:00;FC Barcelona;AS Roma;Spotify Camp Nou;4;1;0;90106
mt610;2017-2018;2018-04-04 19:45:00;Liverpool FC;Manchester City;Anfield;3;0;0;50685
mt611;2017-2018;2018-04-10 19:45:00;AS Roma;FC Barcelona;Olimpico;3;0;0;56580
mt612;2017-2018;2018-04-10 19:45:00;Manchester City;Liverpool FC;Etihad Stadium;1;2;0;53461
mt613;2017-2018;2018-04-11 19:45:00;Bayern M?nchen;Sevilla FC;Allianz Arena;0;0;0;70000
mt614;2017-2018;2018-04-11 19:45:00;Real Madrid;Juventus;Santiago Bernab?u;1;3;0;75796
mt615;2017-2018;2018-04-24 19:45:00;Liverpool FC;AS Roma;Anfield;5;2;0;51236
mt616;2017-2018;2018-04-25 19:45:00;Bayern M?nchen;Real Madrid;Allianz Arena;1;2;0;70000
mt617;2017-2018;2018-05-01 19:45:00;Real Madrid;Bayern M?nchen;Santiago Bernab?u;2;2;0;77459
mt618;2017-2018;2018-05-02 19:45:00;AS Roma;Liverpool FC;Olimpico;4;2;0;61889
mt619;2017-2018;2018-05-26 19:45:00;Real Madrid;Liverpool FC;Olimpiyskyi;3;1;0;61561
mt620;2016-2017;2016-09-13 19:45:00;FC Basel;PFC Ludogorets Razgrad;St. Jakob-Park;1;1;0;30852
mt621;2016-2017;2016-09-13 19:45:00;Paris Saint-Germain;Arsenal FC;Parc des Princes;1;1;0;46440
mt622;2016-2017;2016-09-28 19:45:00;Arsenal FC;FC Basel;Emirates Stadium;2;0;0;59993
mt623;2016-2017;2016-09-28 19:45:00;PFC Ludogorets Razgrad;Paris Saint-Germain;Vasil Levski;1;3;0;17155
mt624;2016-2017;2016-10-19 19:45:00;Arsenal FC;PFC Ludogorets Razgrad;Emirates Stadium;6;0;0;59944
mt625;2016-2017;2016-10-19 19:45:00;Paris Saint-Germain;FC Basel;Parc des Princes;3;0;0;46488
mt626;2016-2017;2016-11-01 19:45:00;FC Basel;Paris Saint-Germain;St. Jakob-Park;1;2;0;34639
mt627;2016-2017;2016-11-01 19:45:00;PFC Ludogorets Razgrad;Arsenal FC;Vasil Levski;2;3;0;30862
mt628;2016-2017;2016-11-23 19:45:00;Arsenal FC;Paris Saint-Germain;Emirates Stadium;2;2;0;59628
mt629;2016-2017;2016-11-23 19:45:00;PFC Ludogorets Razgrad;FC Basel;Vasil Levski;0;0;0;20821
mt630;2016-2017;2016-12-06 19:45:00;FC Basel;Arsenal FC;St. Jakob-Park;1;4;0;36000
mt631;2016-2017;2016-12-06 19:45:00;Paris Saint-Germain;PFC Ludogorets Razgrad;Parc des Princes;2;2;0;42650
mt632;2016-2017;2016-09-13 19:45:00;Dinamo Kiev;SSC Napoli;Olimpiyskyi;1;2;0;35137
mt633;2016-2017;2016-09-13 19:45:00;SL Benfica;Be?ikta?;Est?dio da Luz;1;1;0;42126
mt634;2016-2017;2016-09-28 19:45:00;Be?ikta?;Dinamo Kiev;Vodafone Park;1;1;0;33938
mt635;2016-2017;2016-09-28 19:45:00;SSC Napoli;SL Benfica;Diego Maradona;4;2;0;41281
mt636;2016-2017;2016-10-19 19:45:00;Dinamo Kiev;SL Benfica;Olimpiyskyi;0;2;0;25991
mt637;2016-2017;2016-10-19 19:45:00;SSC Napoli;Be?ikta?;Diego Maradona;2;3;0;28502
mt638;2016-2017;2016-11-01 17:45:00;Be?ikta?;SSC Napoli;Vodafone Park;1;1;0;35552
mt639;2016-2017;2016-11-01 19:45:00;SL Benfica;Dinamo Kiev;Est?dio da Luz;1;0;0;51641
mt640;2016-2017;2016-11-23 17:45:00;Be?ikta?;SL Benfica;Vodafone Park;3;3;0;36063
mt641;2016-2017;2016-11-23 19:45:00;SSC Napoli;Dinamo Kiev;Diego Maradona;0;0;0;33736
mt642;2016-2017;2016-12-06 19:45:00;Dinamo Kiev;Be?ikta?;Olimpiyskyi;6;0;0;14036
mt643;2016-2017;2016-12-06 19:45:00;SL Benfica;SSC Napoli;Est?dio da Luz;1;2;0;55634
mt644;2016-2017;2016-09-13 19:45:00;FC Barcelona;Celtic FC;Spotify Camp Nou;7;0;0;73290
mt645;2016-2017;2016-09-14 19:45:00;Manchester City;Bor. M?nchengladbach;Etihad Stadium;4;0;0;30270
mt646;2016-2017;2016-09-28 19:45:00;Bor. M?nchengladbach;FC Barcelona;Borussia-Park;1;2;0;46283
mt647;2016-2017;2016-09-28 19:45:00;Celtic FC;Manchester City;Celtic Park;3;3;0;57592
mt648;2016-2017;2016-10-19 19:45:00;Celtic FC;Bor. M?nchengladbach;Celtic Park;0;2;0;57814
mt649;2016-2017;2016-10-19 19:45:00;FC Barcelona;Manchester City;Spotify Camp Nou;4;0;0;96290
mt650;2016-2017;2016-11-01 19:45:00;Bor. M?nchengladbach;Celtic FC;Borussia-Park;1;1;0;46283
mt651;2016-2017;2016-11-01 19:45:00;Manchester City;FC Barcelona;Etihad Stadium;3;1;0;53340
mt652;2016-2017;2016-11-23 19:45:00;Bor. M?nchengladbach;Manchester City;Borussia-Park;1;1;0;45921
mt653;2016-2017;2016-11-23 19:45:00;Celtic FC;FC Barcelona;Celtic Park;0;2;0;57937
mt654;2016-2017;2016-12-06 19:45:00;FC Barcelona;Bor. M?nchengladbach;Spotify Camp Nou;4;0;0;67157
mt655;2016-2017;2016-12-06 19:45:00;Manchester City;Celtic FC;Etihad Stadium;1;1;0;51297
mt656;2016-2017;2016-09-13 19:45:00;Bayern M?nchen;FK Rostov;Allianz Arena;5;0;0;70000
mt657;2016-2017;2016-09-13 19:45:00;PSV Eindhoven;Atl?tico Madrid;Philips Stadion;0;1;0;33989
mt658;2016-2017;2016-09-28 19:45:00;Atl?tico Madrid;Bayern M?nchen;Vicente Calder?n;1;0;0;48242
mt659;2016-2017;2016-09-28 19:45:00;FK Rostov;PSV Eindhoven;Olimp  2;2;2;0;12646
mt660;2016-2017;2016-10-19 19:45:00;Bayern M?nchen;PSV Eindhoven;Allianz Arena;4;1;0;70000
mt661;2016-2017;2016-10-19 19:45:00;FK Rostov;Atl?tico Madrid;Olimp  2;0;1;0;15400
mt662;2016-2017;2016-11-01 19:45:00;Atl?tico Madrid;FK Rostov;Vicente Calder?n;2;1;0;40392
mt663;2016-2017;2016-11-01 19:45:00;PSV Eindhoven;Bayern M?nchen;Philips Stadion;1;2;0;35000
mt664;2016-2017;2016-11-23 17:00:00;FK Rostov;Bayern M?nchen;Olimp  2;3;2;0;15211
mt665;2016-2017;2016-11-23 19:45:00;Atl?tico Madrid;PSV Eindhoven;Vicente Calder?n;2;0;0;37891
mt666;2016-2017;2016-12-06 19:45:00;Bayern M?nchen;Atl?tico Madrid;Allianz Arena;1;0;0;70000
mt667;2016-2017;2016-12-06 19:45:00;PSV Eindhoven;FK Rostov;Philips Stadion;0;0;0;33400
mt668;2016-2017;2016-09-14 19:45:00;Bayer Leverkusen;CSKA Moskva;BayArena;2;2;0;23459
mt669;2016-2017;2016-09-14 19:45:00;Tottenham Hotspur;AS Monaco;Wembley Stadium;1;2;0;85011
mt670;2016-2017;2016-09-27 19:45:00;AS Monaco;Bayer Leverkusen;Stade Louis II;1;1;0;8100
mt671;2016-2017;2016-09-27 19:45:00;CSKA Moskva;Tottenham Hotspur;Arena Khimki;0;1;0;26153
mt672;2016-2017;2016-10-18 19:45:00;Bayer Leverkusen;Tottenham Hotspur;BayArena;0;0;0;28887
mt673;2016-2017;2016-10-18 19:45:00;CSKA Moskva;AS Monaco;VEB Arena;1;1;0;24125
mt674;2016-2017;2016-11-02 19:45:00;AS Monaco;CSKA Moskva;Stade Louis II;3;0;0;10029
mt675;2016-2017;2016-11-02 19:45:00;Tottenham Hotspur;Bayer Leverkusen;Wembley Stadium;0;1;0;85512
mt676;2016-2017;2016-11-22 17:00:00;CSKA Moskva;Bayer Leverkusen;VEB Arena;1;1;0;19164
mt677;2016-2017;2016-11-22 19:45:00;AS Monaco;Tottenham Hotspur;Stade Louis II;2;1;0;13100
mt678;2016-2017;2016-12-07 19:45:00;Bayer Leverkusen;AS Monaco;BayArena;3;0;0;21928
mt679;2016-2017;2016-12-07 19:45:00;Tottenham Hotspur;CSKA Moskva;Wembley Stadium;3;1;0;62034
mt680;2016-2017;2016-09-14 19:45:00;Legia Warszawa;Borussia Dortmund;Stadion Wojska Polskiego;0;6;0;27304
mt681;2016-2017;2016-09-14 19:45:00;Real Madrid;Sporting CP;Santiago Bernab?u;2;1;0;72179
mt682;2016-2017;2016-09-27 19:45:00;Borussia Dortmund;Real Madrid;Signal Iduna Park;2;2;0;65849
mt683;2016-2017;2016-09-27 19:45:00;Sporting CP;Legia Warszawa;Est?dio Jos? Alvalade;2;0;0;40094
mt684;2016-2017;2016-10-18 19:45:00;Real Madrid;Legia Warszawa;Santiago Bernab?u;5;1;0;70251
mt685;2016-2017;2016-10-18 19:45:00;Sporting CP;Borussia Dortmund;Est?dio Jos? Alvalade;1;2;0;46609
mt686;2016-2017;2016-11-02 19:45:00;Borussia Dortmund;Sporting CP;Signal Iduna Park;1;0;0;65849
mt687;2016-2017;2016-11-02 19:45:00;Legia Warszawa;Real Madrid;Stadion Wojska Polskiego;3;3;0;0
mt688;2016-2017;2016-11-22 19:45:00;Borussia Dortmund;Legia Warszawa;Signal Iduna Park;8;4;0;55094
mt689;2016-2017;2016-11-22 19:45:00;Sporting CP;Real Madrid;Est?dio Jos? Alvalade;1;2;0;50046
mt690;2016-2017;2016-12-07 19:45:00;Legia Warszawa;Sporting CP;Stadion Wojska Polskiego;1;0;0;28232
mt691;2016-2017;2016-12-07 19:45:00;Real Madrid;Borussia Dortmund;Santiago Bernab?u;2;2;0;76894
mt692;2016-2017;2016-09-14 19:45:00;Club Brugge KV;Leicester City;Jan Breydel Stadion;0;3;0;20970
mt693;2016-2017;2016-09-14 19:45:00;FC Porto;FC K?benhavn;Est?dio do Drag?o;1;1;0;34325
mt694;2016-2017;2016-09-27 19:45:00;FC K?benhavn;Club Brugge KV;Telia Parken;4;0;0;25605
mt695;2016-2017;2016-09-27 19:45:00;Leicester City;FC Porto;King Power Stadium;1;0;0;31805
mt696;2016-2017;2016-10-18 19:45:00;Club Brugge KV;FC Porto;Jan Breydel Stadion;1;2;0;23325
mt697;2016-2017;2016-10-18 19:45:00;Leicester City;FC K?benhavn;King Power Stadium;1;0;0;31037
mt698;2016-2017;2016-11-02 19:45:00;FC K?benhavn;Leicester City;Telia Parken;0;0;0;34146
mt699;2016-2017;2016-11-02 19:45:00;FC Porto;Club Brugge KV;Est?dio do Drag?o;1;0;0;32310
mt700;2016-2017;2016-11-22 19:45:00;FC K?benhavn;FC Porto;Telia Parken;0;0;0;32036
mt701;2016-2017;2016-11-22 19:45:00;Leicester City;Club Brugge KV;King Power Stadium;2;1;0;31443
mt702;2016-2017;2016-12-07 19:45:00;Club Brugge KV;FC K?benhavn;Jan Breydel Stadion;0;2;0;18981
mt703;2016-2017;2016-12-07 19:45:00;FC Porto;Leicester City;Est?dio do Drag?o;5;0;0;39310
mt704;2016-2017;2016-09-14 19:45:00;Juventus;Sevilla FC;Allianz Stadium;0;0;0;33261
mt705;2016-2017;2016-09-14 19:45:00;Olympique Lyon;Dinamo Zagreb;Groupama Stadium;3;0;0;43754
mt706;2016-2017;2016-09-27 19:45:00;Dinamo Zagreb;Juventus;Maksimir;0;4;0;23875
mt707;2016-2017;2016-09-27 19:45:00;Sevilla FC;Olympique Lyon;Ram?n S?nchez Pizju?n;1;0;0;36741
mt708;2016-2017;2016-10-18 19:45:00;Dinamo Zagreb;Sevilla FC;Maksimir;0;1;0;6021
mt709;2016-2017;2016-10-18 19:45:00;Olympique Lyon;Juventus;Groupama Stadium;0;1;0;53907
mt710;2016-2017;2016-11-02 19:45:00;Juventus;Olympique Lyon;Allianz Stadium;1;1;0;40356
mt711;2016-2017;2016-11-02 19:45:00;Sevilla FC;Dinamo Zagreb;Ram?n S?nchez Pizju?n;4;0;0;35215
mt712;2016-2017;2016-11-22 19:45:00;Dinamo Zagreb;Olympique Lyon;Maksimir;0;1;0;7834
mt713;2016-2017;2016-11-22 19:45:00;Sevilla FC;Juventus;Ram?n S?nchez Pizju?n;1;3;0;38942
mt714;2016-2017;2016-12-07 19:45:00;Juventus;Dinamo Zagreb;Allianz Stadium;2;0;0;39380
mt715;2016-2017;2016-12-07 19:45:00;Olympique Lyon;Sevilla FC;Groupama Stadium;0;0;0;52423
mt716;2016-2017;2017-02-14 19:45:00;SL Benfica;Borussia Dortmund;Est?dio da Luz;1;0;0;55124
mt717;2016-2017;2017-02-14 19:45:00;Paris Saint-Germain;FC Barcelona;Parc des Princes;4;0;0;46484
mt718;2016-2017;2017-02-15 19:45:00;Real Madrid;SSC Napoli;Santiago Bernab?u;3;1;0;78000
mt719;2016-2017;2017-02-15 19:45:00;Bayern M?nchen;Arsenal FC;Allianz Arena;5;1;0;70000
mt720;2016-2017;2017-02-21 19:45:00;Manchester City;AS Monaco;Etihad Stadium;5;3;0;53351
mt721;2016-2017;2017-02-21 19:45:00;Bayer Leverkusen;Atl?tico Madrid;BayArena;2;4;0;29300
mt722;2016-2017;2017-02-22 19:45:00;FC Porto;Juventus;Est?dio do Drag?o;0;2;0;49229
mt723;2016-2017;2017-02-22 19:45:00;Sevilla FC;Leicester City;Ram?n S?nchez Pizju?n;2;1;0;38834
mt724;2016-2017;2017-03-07 19:45:00;SSC Napoli;Real Madrid;Diego Maradona;1;3;0;56695
mt725;2016-2017;2017-03-07 19:45:00;Arsenal FC;Bayern M?nchen;Emirates Stadium;1;5;0;59911
mt726;2016-2017;2017-03-08 19:45:00;Borussia Dortmund;SL Benfica;Signal Iduna Park;4;0;0;65849
mt727;2016-2017;2017-03-08 19:45:00;FC Barcelona;Paris Saint-Germain;Spotify Camp Nou;6;1;0;96290
mt728;2016-2017;2017-03-14 19:45:00;Juventus;FC Porto;Allianz Stadium;1;0;0;41161
mt729;2016-2017;2017-03-14 19:45:00;Leicester City;Sevilla FC;King Power Stadium;2;0;0;31520
mt730;2016-2017;2017-03-15 19:45:00;AS Monaco;Manchester City;Stade Louis II;3;1;0;15700
mt731;2016-2017;2017-03-15 19:45:00;Atl?tico Madrid;Bayer Leverkusen;Vicente Calder?n;0;0;0;49133
mt732;2016-2017;2017-04-11 19:45:00;Juventus;FC Barcelona;Allianz Stadium;3;0;0;41092
mt733;2016-2017;2017-04-12 17:45:00;Borussia Dortmund;AS Monaco;Signal Iduna Park;2;3;0;65849
mt734;2016-2017;2017-04-12 19:45:00;Atl?tico Madrid;Leicester City;Vicente Calder?n;1;0;0;51423
mt735;2016-2017;2017-04-12 19:45:00;Bayern M?nchen;Real Madrid;Allianz Arena;1;2;0;70000
mt736;2016-2017;2017-04-18 19:45:00;Leicester City;Atl?tico Madrid;King Power Stadium;1;1;0;31548
mt737;2016-2017;2017-04-18 19:45:00;Real Madrid;Bayern M?nchen;Santiago Bernab?u;4;2;0;78346
mt738;2016-2017;2017-04-19 19:45:00;FC Barcelona;Juventus;Spotify Camp Nou;0;0;0;96290
mt739;2016-2017;2017-04-19 19:50:00;AS Monaco;Borussia Dortmund;Stade Louis II;3;1;0;17135
mt740;2016-2017;2017-05-02 19:45:00;Real Madrid;Atl?tico Madrid;Santiago Bernab?u;3;0;0;77609
mt741;2016-2017;2017-05-03 19:45:00;AS Monaco;Juventus;Stade Louis II;0;2;0;16762
mt742;2016-2017;2017-05-09 19:45:00;Juventus;AS Monaco;Allianz Stadium;2;1;0;40244
mt743;2016-2017;2017-05-10 19:45:00;Atl?tico Madrid;Real Madrid;Vicente Calder?n;2;1;0;53422
mt744;2016-2017;2017-06-03 19:45:00;Juventus;Real Madrid;Millennium;1;4;0;65842
